{"0": {"train_loss": ["2.28752", "2.2113593", "2.1646957", "2.1292758", "2.1146858", "2.1007233", "2.0883577", "2.0770144", "2.0661056", "2.054096", "2.0536437", "2.0337164", "2.027033", "2.023434"], "val_loss": ["2.2885425", "2.219467", "2.1732013", "2.18136", "2.1741183", "2.1506288", "2.1409616", "2.120762", "2.109319", "2.105907", "2.1086583", "2.2100284", "2.170248", "2.188007"], "train_accuracy": [0.13179687499999998, 0.19939453125, 0.22304687500000003, 0.2446875, 0.2510546875, 0.260703125, 0.26623046875, 0.27193359375, 0.278125, 0.28236328125, 0.28474609375, 0.29060546875000004, 0.29646484375000004, 0.29392578124999996], "val_accuracy": [0.11138392857142856, 0.19799107142857145, 0.21964285714285717, 0.2129464285714286, 0.22589285714285712, 0.2435267857142857, 0.25357142857142856, 0.2553571428571429, 0.2631696428571428, 0.26406250000000003, 0.2622767857142857, 0.20379464285714285, 0.23125, 0.21741071428571426], "train_auc_roc": [0.5172466423544281, 0.5549801465856666, 0.5684490822016766, 0.5803895753323981, 0.5841894918629419, 0.5895618714074097, 0.5926084103762419, 0.5957614114150999, 0.5991746146556374, 0.6016903909149248, 0.6028385493607177, 0.606026134076403, 0.6090492787555335, 0.6078294176022861], "val_auc_roc": [0.5061588369115165, 0.5538883217670353, 0.5663754464732161, 0.5625553568551708, 0.5690041361570369, 0.5790200496238775, 0.5847841415882051, 0.58585073787329, 0.5905354679979574, 0.5908297171807348, 0.5906854900709888, 0.5584955670024249, 0.5731377195391243, 0.5658795312517612], "train_f1": [0.13179687457159162, 0.19939452968537807, 0.22304687276482582, 0.24468749947845936, 0.2510546874254942, 0.2607031259685755, 0.26623046956956387, 0.2719335965812206, 0.27812500204890966, 0.282363279722631, 0.2847460936754942, 0.29060546960681677, 0.29646484553813934, 0.29392578080296516], "val_f1": [0.11138392984867096, 0.1979910752602986, 0.2196428562913622, 0.21294642771993363, 0.22589285458837235, 0.24352678656578064, 0.25357142303671154, 0.2553571398769106, 0.26316964413438526, 0.26406250255448477, 0.2622767857142857, 0.20379464328289032, 0.2312500008514949, 0.21741070917674474]}, "1": {"train_loss": ["2.2166584", "2.1156187", "2.094543", "2.0664768", "2.0494294", "2.0069008", "1.9787289", "1.9590198", "1.9460938", "1.9375305", "1.9252293", "1.9135532", "1.9041724", "1.8931268", "1.8847086", "1.8732449", "1.8667587", "1.8538679", "1.8518648", "1.832377"], "val_loss": ["2.3019931", "2.2392824", "2.2744696", "2.1179092", "2.1597805", "2.1416345", "2.1078641", "2.0739207", "2.057957", "2.0496128", "2.042068", "2.0378387", "2.0366914", "2.032451", "2.033891", "2.0333836", "2.0314202", "2.0366702", "2.0334759", "2.0356417"], "train_accuracy": [0.17779296874999995, 0.23527343750000002, 0.25269531250000005, 0.264609375, 0.27167968749999993, 0.29001953125, 0.30228515624999996, 0.308671875, 0.313984375, 0.3168359375, 0.32224609375, 0.32609374999999996, 0.3289453125, 0.33537109375000007, 0.33949218749999993, 0.34324218749999996, 0.34851562500000005, 0.35277343749999995, 0.35373046874999997, 0.36205078124999995], "val_accuracy": [0.09933035714285714, 0.2046875, 0.15, 0.24553571428571427, 0.22589285714285715, 0.24308035714285717, 0.2533482142857143, 0.2629464285714286, 0.26964285714285713, 0.27053571428571427, 0.2707589285714286, 0.2747767857142857, 0.27455357142857145, 0.27566964285714285, 0.2776785714285714, 0.2767857142857143, 0.28013392857142855, 0.27455357142857145, 0.28102678571428574, 0.2743303571428572], "train_auc_roc": [0.5440012349353605, 0.5754529721478466, 0.5850367140872699, 0.5914716855942602, 0.5950786715736264, 0.6054061961533903, 0.6122820515241916, 0.6154922624372663, 0.6185105252079252, 0.62026093817996, 0.6232713363433837, 0.625462098690453, 0.6270369289158605, 0.6305584064804687, 0.6329573988855464, 0.6350593831029245, 0.637855956705679, 0.6402057984196832, 0.6407829648648821, 0.6452891119460992], "val_auc_roc": [0.4990619427762958, 0.5573086633622214, 0.5260225640054446, 0.5814514254100852, 0.5694349011975313, 0.5792052111911972, 0.5852976558847915, 0.5914676923987862, 0.5951579241520903, 0.5956538069979336, 0.595499870700162, 0.5975083357271581, 0.5974223468842025, 0.5981831954233126, 0.5992966962005509, 0.5988364713074615, 0.6007735255355593, 0.5976053349647099, 0.6011217484751393, 0.5974750728648736], "train_f1": [0.17779296915978193, 0.23527344036847353, 0.2526953127235174, 0.2646093778312206, 0.2716796835884452, 0.29001953080296516, 0.3022851534187794, 0.3086718749254942, 0.31398437544703484, 0.3168359361588955, 0.3222460951656103, 0.32609375193715096, 0.32894531078636646, 0.33537109196186066, 0.33949219062924385, 0.34324218705296516, 0.34851562418043613, 0.3527734372764826, 0.35373047180473804, 0.3620507847517729], "val_f1": [0.09933035714285714, 0.20468750383172715, 0.14999999744551523, 0.24553571215697698, 0.22589285458837235, 0.2430803541626249, 0.2533482142857143, 0.2629464268684387, 0.2696428596973419, 0.27053571173122953, 0.2707589268684387, 0.27477678656578064, 0.27455357142857145, 0.27566963859966825, 0.27767856631960186, 0.2767857185431889, 0.28013392431395395, 0.27455357568604605, 0.2810267848627908, 0.2743303520338876]}, "2": {"train_loss": ["2.2151794", "2.1344032", "2.1018765", "2.0726752", "2.0346534", "2.0043366", "1.9905663", "1.9734179", "1.9558352", "1.940013", "1.928352", "1.9125326", "1.9017211", "1.8869518", "1.8837377", "1.8629532", "1.86355", "1.8517181", "1.8421061"], "val_loss": ["2.3000321", "2.2287877", "2.150574", "2.121244", "2.09056", "2.0603585", "2.0388684", "2.024208", "2.015496", "2.0025747", "2.0009258", "1.994604", "1.9860828", "1.9734951", "1.9796134", "1.9664352", "1.9748249", "1.9673206", "1.9695472"], "train_accuracy": [0.17875, 0.22964843749999997, 0.24699218750000002, 0.25951171875, 0.27482421875, 0.2930859375, 0.29765624999999996, 0.30220703125000004, 0.309453125, 0.31287109375, 0.31625, 0.3209375, 0.32580078125, 0.33060546875, 0.33421875, 0.33871093750000003, 0.3421484375, 0.34345703125, 0.34576171875000006], "val_accuracy": [0.11450892857142857, 0.203125, 0.23281250000000003, 0.24107142857142858, 0.25379464285714287, 0.2669642857142857, 0.27455357142857145, 0.28102678571428574, 0.28236607142857145, 0.2839285714285714, 0.2770089285714286, 0.2785714285714286, 0.2832589285714286, 0.29062499999999997, 0.28727678571428567, 0.2866071428571429, 0.2828125, 0.28683035714285715, 0.2897321428571429], "train_auc_roc": [0.5448966710771043, 0.573240919352868, 0.5825753075724903, 0.5892950436085533, 0.5974906558103841, 0.6074180231747884, 0.6097086485666354, 0.6122846424126901, 0.6164022623999299, 0.6181768915723926, 0.6200165421944205, 0.6228498581229162, 0.6254689526863207, 0.6281920767009749, 0.6300442731419104, 0.6327259520948073, 0.6345016941680112, 0.6352883484613784, 0.6364577302300838], "val_auc_roc": [0.5083324408650288, 0.559249348872041, 0.574590856080779, 0.5786423039760953, 0.5860458189188987, 0.5931245230432448, 0.5971426306429305, 0.6004156176931225, 0.6013043674752775, 0.6022049987886148, 0.5985980013653436, 0.5993897530743747, 0.6017376579165378, 0.6061120437345917, 0.6040343799369384, 0.6038541520614552, 0.6019020547520783, 0.6041173925062103, 0.6055351734487094], "train_f1": [0.1787499999627471, 0.22964843176305294, 0.24699218664318323, 0.2595117185264826, 0.2748242188245058, 0.2930859364569187, 0.2976562511175871, 0.3022070322185755, 0.3094531260430813, 0.31287109293043613, 0.3162500001490116, 0.3209375012665987, 0.3258007764816284, 0.3306054677814245, 0.3342187497764826, 0.3387109376490116, 0.3421484399586916, 0.34345703572034836, 0.34576172195374966], "val_f1": [0.1145089300615447, 0.203125, 0.23281249403953552, 0.24107142644269125, 0.2537946424313954, 0.26696428443704334, 0.27455357568604605, 0.2810267891202654, 0.28236607142857145, 0.28392856887408663, 0.27700893368039814, 0.27857143112591337, 0.28325893197740826, 0.29062499744551523, 0.28727678315980093, 0.2866071420056479, 0.28281249744551523, 0.2868303656578064, 0.289732141154153]}}