{"num_parameters": 9046, "inference_timing": [0.00027, 0.000586, 0.000192, 0.000196, 0.000219, 0.000195, 0.000194, 0.000188, 0.000163, 0.000185, 0.000181, 0.000181, 0.000231, 0.000198, 0.000174, 0.000175, 0.000171, 0.000166, 0.000174, 0.000176, 0.000177, 0.000168, 0.000205, 0.000174, 0.000185, 0.000179, 0.000164, 0.000195, 0.000173, 0.0002, 0.00019, 0.000182, 0.000213, 0.000244, 0.000182, 0.000208, 0.000218, 0.000201, 0.00023, 0.000201, 0.000176, 0.000177, 0.000197, 0.000264, 0.000189, 0.000203, 0.000184, 0.000213, 0.000184, 0.000236], "training_timing": [26.037994, 37.090698, 35.732126]}