{"num_parameters": 186722, "inference_timing": [0.000707, 0.000543, 0.000549, 0.000563, 0.000519, 0.000524, 0.000531, 0.000575, 0.000596, 0.000551, 0.000521, 0.000527, 0.00052, 0.000539, 0.000541, 0.000551, 0.000559, 0.000603, 0.000524, 0.000566, 0.000549, 0.000555, 0.000525, 0.000522, 0.000544, 0.000527, 0.000523, 0.000555, 0.000525, 0.000525, 0.000531, 0.000525, 0.000524, 0.000527, 0.000547, 0.000539, 0.000558, 0.000523, 0.000523, 0.00053, 0.000522, 0.000524, 0.000525, 0.000523, 0.000528, 0.000522, 0.000546, 0.000564, 0.000525, 0.000528], "training_timing": [85.557522, 79.894451, 103.223539]}