{"num_parameters": 273250, "inference_timing": [6.4e-05, 2.7e-05, 2.8e-05, 2.6e-05, 2.4e-05, 2.4e-05, 2.4e-05, 2.4e-05, 2.4e-05, 2.5e-05, 4.3e-05, 3e-05, 2.6e-05, 2.5e-05, 2.5e-05, 2.5e-05, 2.4e-05, 2.4e-05, 2.4e-05, 2.4e-05, 2.4e-05, 3.4e-05, 2.6e-05, 2.5e-05, 2.4e-05, 2.4e-05, 5e-05, 3.9e-05, 3e-05, 2.5e-05, 2.5e-05, 2.6e-05, 2.4e-05, 2.4e-05, 2.4e-05, 2.4e-05, 2.4e-05, 2.4e-05, 2.4e-05, 2.4e-05, 2.4e-05, 3.8e-05, 3.7e-05, 2.8e-05, 2.6e-05, 2.6e-05, 2.4e-05, 2.6e-05, 2.5e-05, 2.4e-05], "training_timing": [79.837301, 79.919419, 80.019755]}