{"0": {"train_loss": ["2.292957", "2.2565799", "2.2263224", "2.1953452", "2.1756058", "2.1467974", "2.121496", "2.0992298", "2.0848074", "2.0624597", "2.043572", "2.0317917", "2.0167887", "2.0055528", "1.9889381", "1.9904034", "1.957942", "1.9882416", "1.9913752", "1.9632207", "1.9488515", "1.9370078", "1.9257282", "1.9168718", "1.9003539", "1.8875403", "1.8897264", "1.8715163", "1.8619821", "1.8536993", "1.8450953", "1.8361241"], "val_loss": ["2.294643", "2.2684104", "2.2346437", "2.2355008", "2.21191", "2.1883874", "2.166247", "2.150707", "2.1242833", "2.1063485", "2.0965893", "2.0875905", "2.0806236", "2.067861", "2.0709014", "2.0640628", "2.0576081", "2.111578", "2.0754378", "2.0615046", "2.0544", "2.0489278", "2.0436602", "2.0415885", "2.0340173", "2.031445", "2.029867", "2.024989", "2.024466", "2.023741", "2.02296", "2.0235717"], "train_accuracy": [0.1253125, 0.15123046875, 0.17462890624999997, 0.19214843750000005, 0.20289062500000002, 0.21953125, 0.23125, 0.24080078125, 0.24892578125, 0.2615625, 0.27220703125000006, 0.27566406250000003, 0.28074218749999996, 0.2852734375, 0.29455078125000006, 0.2956835937500001, 0.30548828125, 0.299296875, 0.29628906250000003, 0.3076171875, 0.31255859375, 0.31677734374999994, 0.32154296875, 0.32662109375000004, 0.33556640625, 0.34068359374999996, 0.33853515625, 0.34669921875, 0.34851562500000005, 0.3519140625, 0.35767578125, 0.36115234375], "val_accuracy": [0.1455357142857143, 0.17901785714285715, 0.1953125, 0.2051339285714286, 0.22098214285714282, 0.2305803571428571, 0.24308035714285717, 0.25044642857142857, 0.2591517857142857, 0.2622767857142857, 0.26517857142857143, 0.2683035714285714, 0.27232142857142855, 0.2754464285714286, 0.2787946428571429, 0.27968750000000003, 0.2810267857142857, 0.23928571428571427, 0.2558035714285714, 0.27254464285714286, 0.27433035714285714, 0.27968750000000003, 0.2785714285714285, 0.28214285714285714, 0.2859375, 0.2861607142857143, 0.28593750000000007, 0.2866071428571429, 0.28750000000000003, 0.28794642857142855, 0.29129464285714285, 0.29129464285714285], "train_auc_roc": [0.5138695780164665, 0.5284920569781631, 0.5415971811852883, 0.5516270832289814, 0.5580434025172707, 0.5674442055068168, 0.5741093765686325, 0.5791902634404802, 0.5836446314384701, 0.5900724368292981, 0.5958076158021101, 0.597727809038976, 0.6005925929020399, 0.6029965315577334, 0.6082314664866112, 0.6087728201321374, 0.6142546861756156, 0.6109465501344462, 0.6087027231632987, 0.6149507708908675, 0.6177415120472829, 0.6200459267739058, 0.6227358819259607, 0.6257954378169365, 0.6307450450245313, 0.6335789372933643, 0.6323228876383056, 0.6368975684353985, 0.6378871830696434, 0.6396724334158431, 0.6429695788221544, 0.6448098817518492], "val_auc_roc": [0.52508448262, 0.5448555160478313, 0.5537629042533274, 0.5598700787720847, 0.56892502948768, 0.5742051718674012, 0.5803771062544456, 0.5840543504698488, 0.5879333663664571, 0.5890832107995881, 0.5909612779414314, 0.5927935239360161, 0.5950533013533319, 0.5970147887077821, 0.5987200875870613, 0.5988974787716623, 0.6012411477682784, 0.5771857845025937, 0.5868149339775152, 0.596036157790025, 0.5970392979227676, 0.5997458224943687, 0.5990420558649655, 0.6008697520479346, 0.6030236705572232, 0.6032160177713174, 0.6029714953256674, 0.6032823635516723, 0.6036005158016301, 0.6037732036094502, 0.6056029072425717, 0.605452519851258], "train_f1": [0.1253124987706542, 0.15123046841472387, 0.1746289050206542, 0.19214843958616257, 0.20289062615484, 0.21953124925494194, 0.23124999925494194, 0.24080077931284904, 0.24892577808350325, 0.26156249921768904, 0.27220702823251486, 0.2756640613079071, 0.28074219077825546, 0.285273440182209, 0.2945507802069187, 0.2956835925579071, 0.3054882809519768, 0.29929687269032, 0.2962890602648258, 0.30761718936264515, 0.31255859695374966, 0.31677734293043613, 0.32154296711087227, 0.32662108913064003, 0.3355664014816284, 0.3406835962086916, 0.33853516168892384, 0.3466992247849703, 0.348515622317791, 0.35191406309604645, 0.35767578333616257, 0.3611523453146219], "val_f1": [0.14553571598870413, 0.1790178609745843, 0.19531249574252538, 0.20513392559119634, 0.22098214072840555, 0.2305803554398673, 0.24308035842009953, 0.25044643027441843, 0.25915178869451794, 0.2622767857142857, 0.26517857185431887, 0.2683035752602986, 0.2723214307001659, 0.2754464255911963, 0.2787946398769106, 0.2796874961682728, 0.2810267891202654, 0.2392857117312295, 0.25580357228006634, 0.2725446437086378, 0.2743303584200995, 0.2796874982970102, 0.2785714268684387, 0.2821428520338876, 0.28593750085149494, 0.2861607096024922, 0.28593750298023224, 0.2866071420056479, 0.2874999940395355, 0.28794642431395395, 0.29129464285714285, 0.29129463859966825]}, "1": {"train_loss": ["2.215663", "2.1087887", "2.073287", "2.0496345", "2.0307012", "2.0149968", "2.0021782", "1.9918137", "1.983067"], "val_loss": ["2.284757", "2.1764522", "2.1047533", "2.082346", "2.070827", "2.0675015", "2.0691047", "2.0732868", "2.079023"], "train_accuracy": [0.18673828124999997, 0.24279296874999998, 0.26353515624999996, 0.27416015624999995, 0.2804296875, 0.28746093750000007, 0.2949609375, 0.29939453125000004, 0.30552734375], "val_accuracy": [0.17656249999999998, 0.24464285714285716, 0.25825892857142857, 0.2616071428571428, 0.265625, 0.2720982142857143, 0.27566964285714285, 0.27366071428571426, 0.27700892857142856], "train_auc_roc": [0.5485743680640376, 0.5795844226194217, 0.5911605421512006, 0.5971491803241282, 0.6006430363345627, 0.6045008276589638, 0.608670785272759, 0.6112172868199862, 0.6145670880664902], "val_auc_roc": [0.5420333433866957, 0.5799491175765592, 0.5872110730930643, 0.5889095060981796, 0.5910279661270249, 0.5944593615760544, 0.5965514858172148, 0.5953884115989737, 0.5971808001220849], "train_f1": [0.18673827964812517, 0.24279296677559614, 0.26353515964001417, 0.2741601560264826, 0.28042968921363354, 0.28746093437075615, 0.29496093839406967, 0.2993945311754942, 0.3055273462086916], "val_f1": [0.1765625008514949, 0.24464285799435206, 0.2582589260169438, 0.26160714456013273, 0.265625, 0.2720982091767447, 0.27566964285714285, 0.2736607151372092, 0.2770089294229235]}, "2": {"train_loss": ["2.2436094", "2.173709", "2.1485806", "2.133179", "2.1220703", "2.1132507", "2.1058338", "2.099342", "2.093532", "2.088213", "2.0832946", "2.0786974", "2.0743606", "2.0702765", "2.0664175", "2.062756", "2.059293", "2.056047", "2.0530453", "2.050337", "2.0479586", "2.0458128", "2.0436974", "2.0415044", "2.0392666", "2.0370126", "2.0347867", "2.0325944", "2.0304296", "2.0283008", "2.0262258", "2.024183", "2.0221848", "2.0202265", "2.0183094", "2.0164177", "2.0145578", "2.012706", "2.0108967", "2.009139", "2.007382", "2.005634", "2.0039103"], "val_loss": ["2.286178", "2.2124522", "2.1515326", "2.1410491", "2.1365983", "2.1328192", "2.129639", "2.1269476", "2.1246002", "2.1225166", "2.1206422", "2.1189263", "2.1173842", "2.1159806", "2.1146817", "2.113464", "2.1123931", "2.1114373", "2.1106002", "2.1099634", "2.1094818", "2.1090732", "2.108616", "2.108102", "2.1075807", "2.1070554", "2.1065326", "2.1059804", "2.1054554", "2.1049428", "2.10445", "2.1039982", "2.1035962", "2.1032567", "2.1029668", "2.1026757", "2.1024525", "2.1022606", "2.102211", "2.10219", "2.1022196", "2.1023185", "2.1024606"], "train_accuracy": [0.16671875, 0.20390625000000004, 0.21970703125000002, 0.2311328125, 0.24046875, 0.24775390625000002, 0.25201171875, 0.25451171874999995, 0.25814453125, 0.2599218750000001, 0.264609375, 0.2675, 0.27101562500000004, 0.27283203125, 0.276171875, 0.27832031249999994, 0.2796875, 0.28087890625, 0.283515625, 0.28527343749999995, 0.28595703125, 0.28677734375, 0.28703125, 0.28845703125000005, 0.29041015625, 0.29189453125, 0.29468750000000005, 0.29435546875, 0.294609375, 0.29519531250000003, 0.29607421875, 0.296953125, 0.2983203125, 0.298828125, 0.2993359375, 0.30001953124999997, 0.3007421875, 0.3015625, 0.3017773437500001, 0.30265625, 0.30369140625, 0.304296875, 0.305625],