{"num_parameters": 21394, "inference_timing": [0.000191, 0.000142, 0.00014, 0.000135, 0.000144, 0.000134, 0.000137, 0.000152, 0.000156, 0.00014, 0.000145, 0.000139, 0.000129, 0.000142, 0.000132, 0.000149, 0.000134, 0.000131, 0.000132, 0.000134, 0.00013, 0.000132, 0.00013, 0.00013, 0.00013, 0.00013, 0.00013, 0.000129, 0.000132, 0.00013, 0.000132, 0.000131, 0.000148, 0.000134, 0.000129, 0.000134, 0.000135, 0.00013, 0.000131, 0.000134, 0.000129, 0.000129, 0.000142, 0.00013, 0.000129, 0.000133, 0.00013, 0.000129, 0.000131, 0.000133], "training_timing": [65.957763, 66.125402, 66.48201]}