{"num_parameters": 21394, "inference_timing": [0.00019, 0.000145, 0.000138, 0.000138, 0.000142, 0.000138, 0.000135, 0.000189, 0.000176, 0.000149, 0.000213, 0.000153, 0.000151, 0.000149, 0.000198, 0.000151, 0.000145, 0.000147, 0.000134, 0.000132, 0.000161, 0.000139, 0.00014, 0.000148, 0.000137, 0.000144, 0.000133, 0.000137, 0.000132, 0.000131, 0.000139, 0.000136, 0.00013, 0.00013, 0.000133, 0.000133, 0.00013, 0.00013, 0.000138, 0.000142, 0.000133, 0.000164, 0.000155, 0.000139, 0.000138, 0.000135, 0.000135, 0.000135, 0.000134, 0.00015], "training_timing": [66.737254, 66.58299, 66.515117]}