{"num_parameters": 96375, "inference_timing": [0.003879, 0.00077, 0.004275, 0.001921, 0.001911, 0.002256, 0.001269, 0.001048, 0.001964, 0.002217, 0.001995, 0.000658, 0.002127, 0.002021, 0.002393, 0.00183, 0.001969, 0.001774, 0.002109, 0.00193, 0.00175, 0.001166, 0.001363, 0.001868, 0.003524, 0.00215, 0.001721, 0.000633, 0.001516, 0.000658, 0.00196, 0.004502, 0.002057, 0.000563, 0.001322, 0.001765, 0.000451, 0.00187, 0.002315, 0.001946, 0.000645, 0.00312, 0.000846, 0.002245, 0.000669, 0.002066, 0.002173, 0.002095, 0.003391, 0.001582], "training_timing": [222.346365, 315.123663, 242.230887]}