{"num_parameters": 12025, "inference_timing": [0.000237, 0.000171, 0.00016, 0.000154, 0.000154, 0.000152, 0.000158, 0.000149, 0.000152, 0.000148, 0.000184, 0.000151, 0.000152, 0.000152, 0.00015, 0.000147, 0.000183, 0.000164, 0.00016, 0.000156, 0.000155, 0.000174, 0.000159, 0.000156, 0.00015, 0.000148, 0.000175, 0.000157, 0.000162, 0.00015, 0.000148, 0.000151, 0.000159, 0.000154, 0.000157, 0.000149, 0.000147, 0.00017, 0.000148, 0.000147, 0.000147, 0.000151, 0.00015, 0.00016, 0.000151, 0.000156, 0.000154, 0.000149, 0.00022, 0.000157], "training_timing": [96.622908, 97.120734, 96.37653]}