{"0": {"train_loss": ["1.6253121", "1.1074144", "0.9480069", "0.8594099", "0.77877706", "0.7159257", "0.6756996", "0.659519", "0.63956016", "0.5997948", "0.5855022", "0.5732491", "0.5614956", "0.55152786", "0.5425568", "0.5335687", "0.52716887", "0.5211536", "0.5151924", "0.50850934", "0.50326616"], "val_loss": ["1.369026", "1.0195631", "0.8214466", "0.7349075", "0.67155", "0.6191201", "0.5855111", "0.76759857", "0.5573463", "0.5490536", "0.54306173", "0.5368928", "0.5318226", "0.5284977", "0.52660286", "0.5233923", "0.52100307", "0.5191985", "0.51878494", "0.52139753", "0.54814917"], "train_accuracy": [0.49269531250000004, 0.65259765625, 0.69638671875, 0.7175976562499999, 0.73103515625, 0.7479882812499999, 0.7628515625, 0.77140625, 0.7813085937500001, 0.7918164062499999, 0.7970703125, 0.8008398437500001, 0.8040624999999999, 0.808046875, 0.8100976562500001, 0.813515625, 0.8153906249999999, 0.8169140625000001, 0.8191796875000001, 0.8218749999999999, 0.8221875], "val_accuracy": [0.6189732142857143, 0.6892857142857143, 0.70625, 0.7341517857142856, 0.7633928571428571, 0.7830357142857142, 0.7944196428571428, 0.700892857142857, 0.8040178571428571, 0.8082589285714284, 0.8093750000000001, 0.8127232142857143, 0.8156249999999999, 0.8160714285714287, 0.8122767857142856, 0.8125, 0.8142857142857142, 0.8154017857142858, 0.8133928571428571, 0.8140625, 0.8022321428571428], "train_auc_roc": [0.7171354365865324, 0.8065902624408682, 0.8308904025050279, 0.8432760071393246, 0.8508025390320376, 0.8599182452500818, 0.8683867591087948, 0.8731114659906191, 0.878200729988873, 0.8842088183095101, 0.8870132451654372, 0.8890698990962475, 0.8909280338223315, 0.8931665300640286, 0.8943553811239386, 0.8962834466592812, 0.8973172235660387, 0.8981789131035531, 0.8995051547366711, 0.9009990733810298, 0.9012194901517323], "val_auc_roc": [0.7905124048618806, 0.828771693949106, 0.8385600983966499, 0.853640466889716, 0.8688372127779603, 0.879599154936267, 0.8854697186109375, 0.8323132252708655, 0.891399403162915, 0.894139058885943, 0.894781754516553, 0.8967068217022504, 0.8982180401001988, 0.8983872647253557, 0.8960386781842861, 0.8961152358286936, 0.8972240265147086, 0.8977233811952899, 0.8967224931555834, 0.8969753657177948, 0.8903845310849995], "train_f1": [0.49269531248137355, 0.6525976546108723, 0.6963867247104645, 0.7175976522266865, 0.731035154312849, 0.7479882873594761, 0.7628515623509884, 0.771406251937151, 0.7813085950911045, 0.7918164171278477, 0.7970703132450581, 0.8008398450911045, 0.804062508046627, 0.8080468811094761, 0.8100976496934891, 0.8135156333446503, 0.8153906352818012, 0.816914077848196, 0.8191796950995922, 0.8218750096857548, 0.8221875093877316], "val_f1": [0.6189732125827244, 0.6892857125827244, 0.7062500034059797, 0.7341517976352147, 0.7633928656578064, 0.7830357296126229, 0.7944196462631226, 0.7008928656578064, 0.8040178673607963, 0.8082589421953473, 0.8093750051089695, 0.8127232279096331, 0.8156250204358783, 0.8160714421953473, 0.8122767891202655, 0.8124999914850507, 0.8142857125827244, 0.8154017925262451, 0.813392869063786, 0.8140625102179391, 0.8022321462631226]}, "1": {"train_loss": ["1.6128067", "1.0285796", "0.7648115", "0.7260785", "0.6269678", "0.59335804", "0.5688285", "0.5496218", "0.54910994", "0.5705709", "0.50477886", "0.49465728", "0.4876206"], "val_loss": ["1.8918898", "1.070034", "0.79163563", "0.8315354", "0.72000074", "0.62408584", "0.5854392", "0.6197154", "0.9869017", "0.6986938", "0.6100847", "0.5982722", "0.60884273"], "train_accuracy": [0.4442578125, 0.66271484375, 0.7218945312499999, 0.7358398437500001, 0.77326171875, 0.78169921875, 0.7911914062499998, 0.79927734375, 0.8039843750000001, 0.7955078125, 0.8221679687499999, 0.82453125, 0.82640625], "val_accuracy": [0.6058035714285713, 0.7122767857142857, 0.7430803571428571, 0.7337053571428572, 0.7787946428571428, 0.7997767857142856, 0.8051339285714284, 0.7970982142857144, 0.6582589285714286, 0.7611607142857143, 0.7964285714285715, 0.8008928571428572, 0.7977678571428571], "train_auc_roc": [0.6910562545822979, 0.8126594948620144, 0.845584036270641, 0.8537711676910086, 0.8738109157633973, 0.8785520633334283, 0.8840520432940981, 0.8886409563834824, 0.8914721595485662, 0.8866062770195736, 0.9010805461269262, 0.9024089618914055, 0.9034840845620602], "val_auc_roc": [0.7805188676900376, 0.8411679891937102, 0.8576863238518703, 0.8508642922869318, 0.8768550909805704, 0.8892662372562573, 0.8921399195671288, 0.887476671277358, 0.8103966108286319, 0.8663247750440953, 0.8866014182207577, 0.8891807245362247, 0.8873821697095481], "train_f1": [0.4442578172311187, 0.662714846432209, 0.721894521266222, 0.7358398549258709, 0.7732617296278477, 0.7816992178559303, 0.7911914139986038, 0.7992773503065109, 0.8039843812584877, 0.7955078184604645, 0.8221679590642452, 0.8245312497019768, 0.826406255364418], "val_f1": [0.6058035663196019, 0.7122767737933567, 0.7430803605488369, 0.7337053673607963, 0.778794663293021, 0.7997768010411944, 0.8051339387893677, 0.7970982193946838, 0.6582589319774083, 0.7611607142857143, 0.7964285782405308, 0.8008928639548165, 0.797767869063786]}, "2": {"train_loss": ["1.5682857", "0.8156535", "0.712416", "0.66682005", "0.63744944", "0.6167571", "0.5997971", "0.58898926", "0.5746481", "0.56457573", "0.5573615", "0.54770756", "0.5403908", "0.53387606", "0.5280278", "0.52139574", "0.517233"], "val_loss": ["1.4703859", "0.8535685", "0.72735536", "0.7062531", "0.68849355", "0.677374", "0.67500925", "0.6442118", "0.64714015", "0.6468717", "0.63242006", "0.630546", "0.6295325", "0.62872237", "0.6264828", "0.6307861", "0.6339393"], "train_accuracy": [0.48826171875, 0.720234375, 0.7495898437500002, 0.76642578125, 0.77712890625, 0.7841796874999999, 0.7909375, 0.79390625, 0.7992578125, 0.8023828124999999, 0.8034374999999999, 0.8074609374999999, 0.81068359375, 0.8141015625, 0.8158203124999999, 0.818359375, 0.82140625], "val_accuracy": [0.6787946428571429, 0.7312500000000001, 0.7517857142857143, 0.7560267857142857, 0.7620535714285716, 0.7642857142857142, 0.7667410714285715, 0.7741071428571428, 0.7734375, 0.7725446428571429, 0.7761160714285715, 0.7761160714285715, 0.7754464285714285, 0.7787946428571428, 0.7803571428571429, 0.7781250000000001, 0.7770089285714287], "train_auc_roc": [0.7148785057729996, 0.8450070209145654, 0.8613835178723218, 0.8706466461818171, 0.8766114147137751, 0.8804950446206878, 0.8841589855687275, 0.8856783725606331, 0.8886237548144165, 0.8902958674361968, 0.8908506371914229, 0.8930888464329507, 0.8948731753421266, 0.8967015071568416, 0.8976053040579091, 0.8990528047031346, 0.9007792018025385], "val_auc_roc": [0.8229795349413107, 0.8508766957861509, 0.8624042417829034, 0.8645455254438315, 0.8679379977311507, 0.8691188471991296, 0.8705954491014484, 0.8746054171497527, 0.874281086850731, 0.8738017572989704, 0.8758171712356518, 0.875800657527721, 0.8754564652543283, 0.877656113360275, 0.8785330677885616, 0.8772906244461433, 0.8767786570016878], "train_f1": [0.48826171457767487, 0.7202343717217445, 0.7495898492634296, 0.766425795853138, 0.7771289050579071, 0.7841797173023224, 0.790937501937151, 0.7939062640070915, 0.7992578186094761, 0.8023828081786633, 0.8034375049173832, 0.8074609525501728, 0.8106836043298244, 0.8141015730798244, 0.8158203102648258, 0.8183593638241291, 0.8214062377810478], "val_f1": [0.678794630936214, 0.7312500051089695, 0.7517857210976737, 0.7560268129621234, 0.7620535663196019, 0.7642857262066433, 0.7667410714285714, 0.7741071581840515, 0.7734375, 0.7725446479661124, 0.7761160731315613, 0.776116064616612, 0.7754464319774083, 0.7787946462631226, 0.7803571649960109, 0.7781250051089695, 0.7770089251654488]}}