{"num_parameters": 6806, "inference_timing": [0.000573, 0.000764, 0.000152, 0.000202, 0.000485, 0.000171, 0.000187, 0.000164, 0.000194, 0.000201, 0.000147, 0.000187, 0.000194, 0.000179, 0.000156, 0.000157, 0.000201, 0.000165, 0.000201, 0.000164, 0.00019, 0.000203, 0.000153, 0.000181, 0.000164, 0.000154, 0.000216, 0.000195, 0.000188, 0.000157, 0.000166, 0.000205, 0.000174, 0.000162, 0.000157, 0.000165, 0.000189, 0.000145, 0.000154, 0.000165, 0.000189, 0.00021, 0.000165, 0.000152, 0.000204, 0.000189, 0.000151, 0.000221, 0.000166, 0.000216], "training_timing": [31.323472, 19.056176, 24.888926]}