{"num_parameters": 182192, "inference_timing": [0.000615, 0.000524, 0.000538, 0.000524, 0.000519, 0.000518, 0.000517, 0.000519, 0.000515, 0.000513, 0.000525, 0.000535, 0.000514, 0.000512, 0.000527, 0.00053, 0.000514, 0.000518, 0.000515, 0.000536, 0.000512, 0.000514, 0.000525, 0.000521, 0.000512, 0.000535, 0.000524, 0.00052, 0.000512, 0.000511, 0.000509, 0.000519, 0.000514, 0.000533, 0.000511, 0.000514, 0.000512, 0.000522, 0.00051, 0.000514, 0.00051, 0.000522, 0.000525, 0.000515, 0.000522, 0.000531, 0.000529, 0.000515, 0.000529, 0.000512], "training_timing": [104.431799, 105.971574, 106.532754]}