{"0": {"train_loss": ["4.9956455", "1.9545656", "1.7882934", "1.6696504", "1.5717635", "1.4938811", "1.4289432", "1.5125753", "1.3412824", "1.2932012", "1.2692089", "1.2038206", "1.2177761"], "val_loss": ["2.2362468", "2.0922709", "1.9597293", "1.8476944", "1.834984", "1.8249418", "1.7380173", "1.7049581", "1.7268984", "1.691934", "1.6806668", "1.7061298", "1.929746"], "train_accuracy": [0.17685546875, 0.31404296875, 0.37798828125, 0.42042968750000004, 0.45318359375, 0.48242187500000006, 0.5052734375000001, 0.48279296875, 0.5362109375, 0.5560351562499999, 0.55990234375, 0.58185546875, 0.5743359375], "val_accuracy": [0.20647321428571425, 0.2645089285714286, 0.30558035714285714, 0.34977678571428567, 0.36607142857142866, 0.3725446428571429, 0.3930803571428571, 0.39977678571428577, 0.40647321428571426, 0.4095982142857143, 0.4087053571428571, 0.4075892857142857, 0.3765625], "train_auc_roc": [0.5432432039721712, 0.6190005878595641, 0.6545353332499972, 0.677776866317108, 0.6965083691970052, 0.7126054211925238, 0.7251377427151994, 0.713116925311474, 0.742515852000402, 0.7530590420790892, 0.7545342730312689, 0.767298837108179, 0.7644093809624806], "val_auc_roc": [0.5594806364179951, 0.5928779065301271, 0.616573581301587, 0.641472727165357, 0.6508210816222848, 0.6542037727113504, 0.6654996203821513, 0.6683095737427334, 0.6726935379810962, 0.6722674503200077, 0.6719474153828813, 0.6716847458028272, 0.6555006956051476], "train_f1": [0.17685546912252903, 0.3140429686754942, 0.37798828445374966, 0.42042969167232513, 0.4531835950911045, 0.4824218712747097, 0.5052734352648258, 0.4827929735183716, 0.536210935562849, 0.5560351572930813, 0.5599023401737213, 0.5818554684519768, 0.5743359364569187], "val_f1": [0.20647321428571427, 0.26450892857142855, 0.3055803520338876, 0.3497767874172756, 0.3660714328289032, 0.37254464626312256, 0.3930803494794028, 0.3997767908232553, 0.40647321939468384, 0.4095982185431889, 0.4087053622518267, 0.407589282308306, 0.3765625059604645]}, "1": {"train_loss": ["4.650963", "2.0662804", "1.9075484", "1.7537203", "1.648616", "1.5826288", "1.4968112", "1.4561236", "1.3675392", "1.3320689"], "val_loss": ["2.2918108", "2.180096", "2.0071666", "1.8955659", "1.7847763", "1.8022712", "1.7599504", "2.0097802", "1.7135117", "1.733435"], "train_accuracy": [0.173828125, 0.28119140625, 0.34990234375, 0.39349609375000005, 0.42494140625, 0.44302734375, 0.47833984374999994, 0.49583984375, 0.52818359375, 0.54392578125], "val_accuracy": [0.16495535714285717, 0.2464285714285714, 0.2915178571428571, 0.3216517857142857, 0.3816964285714285, 0.3595982142857143, 0.39062500000000006, 0.34218750000000003, 0.4082589285714286, 0.4037946428571429], "train_auc_roc": [0.5413351781409177, 0.6004379758520736, 0.6388684924114919, 0.6631418661931249, 0.6806982419210689, 0.6911557928872363, 0.7104735553809919, 0.7203359370737096, 0.7379825449625248, 0.746758378323976], "val_auc_roc": [0.5360508635617597, 0.5850675049357209, 0.6096897209691549, 0.6266911445005112, 0.6582531798382847, 0.6461277250841887, 0.6640508372588984, 0.6362685022868309, 0.6733102236999979, 0.6710101246477524], "train_f1": [0.1738281245343387, 0.2811914039775729, 0.3499023523181677, 0.3934960961341858, 0.4249414037913084, 0.4430273398756981, 0.4783398434519768, 0.4958398435264826, 0.528183588758111, 0.5439257845282555], "val_f1": [0.1649553562913622, 0.24642856844833919, 0.2915178579943521, 0.3216517908232553, 0.38169642431395395, 0.35959821939468384, 0.39062499148505075, 0.34218750255448477, 0.40825892771993366, 0.4037946420056479]}, "2": {"train_loss": ["5.0420194", "2.0209937", "1.9144344", "1.8402022", "1.7539324", "1.6862186", "1.6273769", "1.5597718", "1.5157648", "1.4172877", "1.4097629", "1.3542148", "1.3005935", "1.3222352", "1.2410994", "1.2566245", "1.198167", "1.2739033"], "val_loss": ["2.2730563", "2.253412", "2.1101398", "1.951657", "1.9299774", "1.786445", "1.7616043", "1.700124", "1.6710166", "1.665872", "1.6628857", "1.6137816", "1.6714733", "1.6391045", "1.6388787", "2.4716303", "1.6761757", "1.7051347"], "train_accuracy": [0.19013671875000002, 0.2900390625, 0.32314453125, 0.3548828125, 0.38982421874999995, 0.41453125, 0.43345703125000007, 0.45583984375, 0.47458984375, 0.51193359375, 0.5149804687499999, 0.5294921875, 0.54822265625, 0.54650390625, 0.57060546875, 0.5600781249999999, 0.58607421875, 0.56359375], "val_accuracy": [0.18013392857142857, 0.20245535714285715, 0.2669642857142857, 0.3296875, 0.31919642857142855, 0.3667410714285714, 0.38058035714285715, 0.4098214285714286, 0.4091517857142857, 0.42075892857142855, 0.42343749999999997, 0.4361607142857143, 0.4256696428571428, 0.43616071428571423, 0.43883928571428577, 0.30803571428571425, 0.4276785714285714, 0.4198660714285714], "train_auc_roc": [0.5500329496585946, 0.6054142491614987, 0.6238978001150742, 0.6414625563316761, 0.6603787782204407, 0.6739633103906872, 0.685495948400991, 0.6978060341103396, 0.7088250044374256, 0.7281890121860127, 0.7307764635999004, 0.7393650754575781, 0.7494060386604942, 0.7480451270376502, 0.7614484700168658, 0.7556719462680745, 0.7690480212571658, 0.7574030253858168], "val_auc_roc": [0.5453166753609762, 0.5556401400020297, 0.5927689824634393, 0.6278719417576656, 0.622218553218291, 0.649357260657484, 0.6566056561005301, 0.6735858685055582, 0.6709981449526902, 0.6787626018919016, 0.6806182819759251, 0.6867167621400689, 0.6806734384242169, 0.6860231227571774, 0.6874695854822583, 0.617182734915013, 0.6825925419962918, 0.6798111163368735], "train_f1": [0.19013671902939677, 0.29003906063735485, 0.32314453087747097, 0.3548828139901161, 0.3898242209106684, 0.4145312514156103, 0.43345703557133675, 0.4558398425579071, 0.4745898451656103, 0.5119335912168026, 0.5149804744869471, 0.5294921882450581, 0.5482226610183716, 0.5465039033442736, 0.5706054680049419, 0.5600781235843897, 0.5860742218792439, 0.5635937508195639], "val_f1": [0.1801339281456811, 0.20245535671710968, 0.2669642801795687, 0.3296875017029898, 0.31919642857142855, 0.36674108249800547, 0.38058035714285715, 0.40982143368039814, 0.40915178826877047, 0.42075892431395395, 0.4234374931880406, 0.436160717691694, 0.42566964456013273, 0.4361607091767447, 0.43883928656578064, 0.3080357142857143, 0.42767855525016785, 0.41986605525016785]}}