{"num_parameters": 125175, "inference_timing": [0.0038, 0.000774, 0.003209, 0.001825, 0.000969, 0.002957, 0.001034, 0.002224, 0.001109, 0.000717, 0.001532, 0.00158, 0.002055, 0.001046, 0.00216, 0.00112, 0.001815, 0.002072, 0.000684, 0.001709, 0.001426, 0.001501, 0.001404, 0.000891, 0.001873, 0.000615, 0.001628, 0.001653, 0.000724, 0.002369, 0.001737, 0.001123, 0.000727, 0.002131, 0.000911, 0.00087, 0.001082, 0.000774, 0.000959, 0.002213, 0.000671, 0.000642, 0.000723, 0.001114, 0.001645, 0.000719, 0.004165, 0.000768, 0.002715, 0.002444], "training_timing": [90.536231, 69.96006, 125.840324]}