{"num_parameters": 209890, "inference_timing": [6.5e-05, 2.8e-05, 3.4e-05, 2.6e-05, 2.5e-05, 2.6e-05, 4.4e-05, 2.8e-05, 2.7e-05, 4e-05, 3.3e-05, 2.7e-05, 2.5e-05, 4.7e-05, 3.1e-05, 2.6e-05, 2.7e-05, 2.5e-05, 2.5e-05, 2.5e-05, 3.5e-05, 2.7e-05, 2.5e-05, 2.5e-05, 3.4e-05, 2.5e-05, 2.4e-05, 2.4e-05, 2.5e-05, 2.4e-05, 2.3e-05, 2.4e-05, 2.4e-05, 2.5e-05, 2.4e-05, 2.4e-05, 2.4e-05, 2.4e-05, 2.4e-05, 2.5e-05, 2.5e-05, 2.6e-05, 2.4e-05, 2.4e-05, 2.4e-05, 3e-05, 2.4e-05, 2.5e-05, 2.4e-05, 2.4e-05], "training_timing": [52.765203, 52.816147, 52.7578]}