{"0": {"train_loss": ["5.0950685", "0.7053555", "0.5205761", "0.48860854", "0.4457202", "0.41335925", "0.39436844", "0.37090552", "0.39389366", "0.350232", "0.3319713", "0.31633204", "0.30433172", "0.29085872", "0.28176078"], "val_loss": ["1.9133757", "1.0211823", "0.6843775", "0.5144149", "0.46866176", "0.45200476", "0.43993288", "0.4666577", "0.5930629", "0.5027291", "0.49423757", "0.4642163", "0.46066386", "0.44233125", "0.49458912"], "train_accuracy": [0.44462890625, 0.77482421875, 0.8241015625000001, 0.83421875, 0.84447265625, 0.8564648437499999, 0.8609570312499999, 0.87173828125, 0.8618359375000001, 0.879765625, 0.8872265625, 0.8927148437499999, 0.8965234374999999, 0.901328125, 0.9036914062499999], "val_accuracy": [0.5915178571428571, 0.7502232142857143, 0.7560267857142857, 0.8229910714285715, 0.8370535714285714, 0.8408482142857142, 0.8441964285714285, 0.8377232142857143, 0.7948660714285714, 0.8142857142857143, 0.8162946428571428, 0.8258928571428571, 0.8272321428571429, 0.838392857142857, 0.8178571428571427], "train_auc_roc": [0.6932077120681628, 0.8751856338847404, 0.9024870693795793, 0.9076748547838558, 0.913355831833761, 0.9200298869284522, 0.9226326385296559, 0.9286518371649952, 0.9236264892337136, 0.9331263143047058, 0.9372475722156136, 0.9401487142665399, 0.9422386029213143, 0.9448043182985898, 0.9462273829041282], "val_auc_roc": [0.7780680307657055, 0.8618176671489813, 0.863729537428606, 0.9026025546481583, 0.9098652236188727, 0.9121189347116422, 0.9138316899257035, 0.9106171614766921, 0.8856097631211498, 0.8960469391979758, 0.8969259342348102, 0.9022148298066851, 0.9028734134354414, 0.9092192624772517, 0.8977568348508403], "train_f1": [0.44462890224531293, 0.7748242169618607, 0.8241015560925007, 0.8342187441885471, 0.8444726467132568, 0.8564648404717445, 0.8609570264816284, 0.8717382773756981, 0.861835915595293, 0.879765622317791, 0.8872265554964542, 0.8927148319780827, 0.8965234272181988, 0.90132812038064, 0.9036913961172104], "val_f1": [0.5915178571428571, 0.7502232193946838, 0.7560268044471741, 0.822991064616612, 0.8370535714285714, 0.8408482159887042, 0.8441964217594692, 0.8377232296126229, 0.7948660680225917, 0.8142857210976737, 0.816294653075082, 0.8258928486279079, 0.8272321479661124, 0.8383928707667759, 0.8178571462631226]}, "1": {"train_loss": ["5.4581423", "0.7329275", "0.59882486", "0.50018793", "0.46041358", "0.43203628", "0.4055904", "0.385665", "0.3667847", "0.35101962", "0.3721872", "0.3488528", "0.32740194", "0.3076571", "0.29454494", "0.2819982", "0.27237526", "0.25893766", "0.25223792"], "val_loss": ["1.8513039", "0.9481178", "0.5882769", "0.49707523", "0.47477648", "0.45807266", "0.4437383", "0.43047974", "0.42262286", "0.4260502", "0.6792398", "0.547658", "0.51899314", "0.5018784", "0.49955478", "0.4811263", "0.480843", "0.45396465", "0.55873764"], "train_accuracy": [0.4682421874999999, 0.7677148437500001, 0.7993554687499999, 0.82888671875, 0.8394140625000002, 0.8492773437500001, 0.85806640625, 0.8656640624999999, 0.8720898437500002, 0.8778515625000001, 0.8740429687500001, 0.8833984374999999, 0.88859375, 0.89583984375, 0.90037109375, 0.9051953125, 0.9087109375000001, 0.9147265625, 0.9156835937500001], "val_accuracy": [0.6560267857142857, 0.7781250000000001, 0.8178571428571428, 0.8361607142857144, 0.8375, 0.8406250000000001, 0.8484375, 0.8520089285714285, 0.853125, 0.8504464285714286, 0.7705357142857142, 0.7982142857142858, 0.8149553571428572, 0.8214285714285713, 0.8236607142857142, 0.8272321428571429, 0.8279017857142856, 0.8421875, 0.8046875000000001], "train_auc_roc": [0.7052375175124043, 0.8703983972895906, 0.8886192260949259, 0.9045664049129992, 0.9104141313927891, 0.9160638001113313, 0.9209554195781163, 0.925191330131862, 0.9287734848719637, 0.9319762415813293, 0.9304753923991509, 0.9353683179163271, 0.938059954611197, 0.9419600819346761, 0.9444074893299504, 0.9471033783233505, 0.9490163940840727, 0.9522437074527811, 0.9529948918637978], "val_auc_roc": [0.8088122110382542, 0.8768443825558926, 0.899033872206422, 0.9094439924824789, 0.910368762785584, 0.9121042292342528, 0.9162405125897692, 0.9182410145058012, 0.9188856899990094, 0.9173409387616738, 0.8720554855381767, 0.8868601418763878, 0.8962203097032757, 0.8999615081624068, 0.9011552320357402, 0.9030256896300646, 0.9032580002964513, 0.9114588133600812, 0.8906460091757455], "train_f1": [0.4682421963661909, 0.7677148431539536, 0.7993554770946503, 0.8288867250084877, 0.8394140675663948, 0.8492773324251175, 0.8580664023756981, 0.8656640686094761, 0.872089821845293, 0.8778515532612801, 0.8740429691970348, 0.8833984322845936, 0.8885937407612801, 0.895839836448431, 0.9003710970282555, 0.9051953032612801, 0.9087109267711639, 0.9147265590727329, 0.9156835898756981], "val_f1": [0.6560267806053162, 0.7781250051089695, 0.8178571462631226, 0.8361607108797345, 0.8374999846730914, 0.840624988079071, 0.848437488079071, 0.8520089302744184, 0.8531249761581421, 0.8504464200564793, 0.7705357074737549, 0.7982142993382045, 0.8149553707667759, 0.8214285799435207, 0.8236607228006635, 0.827232130936214, 0.8279017720903669, 0.8421874982970101, 0.8046875085149493]}, "2": {"train_loss": ["4.937851", "0.69145983", "0.5207084", "0.46106645", "0.4209918", "0.38968176", "0.381178", "0.37792307", "0.3295813", "0.31599"], "val_loss": ["1.8919991", "1.053124", "0.5252382", "0.4491072", "0.42585662", "0.41464707", "0.55882686", "0.6193098", "0.46356001", "0.56300294"], "train_accuracy": [0.46755859375000003, 0.7749804687499999, 0.82146484375, 0.84072265625, 0.8538671875000001, 0.8629296875000001, 0.8683007812499998, 0.86896484375, 0.88953125, 0.892578125], "val_accuracy": [0.5044642857142857, 0.6629464285714287, 0.8339285714285715, 0.8457589285714285, 0.8524553571428571, 0.8555803571428573, 0.7999999999999999, 0.7785714285714285, 0.8276785714285714, 0.7924107142857144], "train_auc_roc": [0.7041859819561181, 0.8750542392371169, 0.9005763122078092, 0.9112878250803045, 0.9184739147172093, 0.9236100362088064, 0.9270516360156218, 0.9273606613339551, 0.9384531545382747, 0.9404080869482911], "val_auc_roc": [0.7211883782923459, 0.8094576794609719, 0.9080445504862905, 0.9147934349078393, 0.918538897316407, 0.9200373407776636, 0.8887532230334731, 0.8761177940566662, 0.9034818489274664, 0.88329959235091], "train_f1": [0.4675585925579071, 0.7749804742634296, 0.8214648440480232, 0.8407226540148258, 0.8538671769201756, 0.8629296645522118, 0.8683007806539536, 0.8689648360013962, 0.8895312510430813, 0.892578125], "val_f1": [0.5044642771993365, 0.6629464200564793, 0.8339285595076424, 0.8457589319774083, 0.8524553520338876, 0.855580346924918, 0.800000011920929, 0.778571469443185, 0.8276785867554801, 0.792410705770765]}}