{"num_parameters": 154154, "inference_timing": [0.00314, 0.00363, 0.001221, 0.002852, 0.001622, 0.000589, 0.001068, 0.001491, 0.003283, 0.000582, 0.002023, 0.000742, 0.001866, 0.000662, 0.001836, 0.001631, 0.000554, 0.001854, 0.001635, 0.001152, 0.00063, 0.00152, 0.002043, 0.001508, 0.002908, 0.002079, 0.001837, 0.001743, 0.002591, 0.001575, 0.002046, 0.002256, 0.000609, 0.000562, 0.003728, 0.002119, 0.000867, 0.001851, 0.000811, 0.003854, 0.003281, 0.000565, 0.00141, 0.003643, 0.001934, 0.000678, 0.001999, 0.000576, 0.000568, 0.002246], "training_timing": [53.162529, 66.808673, 35.203678]}