{"0": {"train_loss": ["1.5048425", "1.3579643", "0.84186584", "0.6909434", "0.6238886", "0.57923716", "0.55154335", "0.5172912", "0.53838164", "0.5091467", "0.46433848"], "val_loss": ["1.882128", "0.99311256", "0.7981405", "0.70124954", "0.6720743", "0.74991274", "0.59809154", "0.5855063", "0.63359225", "0.6200555", "0.6357668"], "train_accuracy": [0.49078125, 0.5555078125, 0.7116406249999998, 0.7569921875, 0.7806835937500002, 0.7976953125, 0.8087890624999999, 0.8174609374999999, 0.815703125, 0.8241992187500001, 0.83884765625], "val_accuracy": [0.6390625, 0.6439732142857143, 0.7256696428571429, 0.7484374999999999, 0.7535714285714284, 0.7401785714285714, 0.7863839285714285, 0.7984375, 0.7752232142857142, 0.7790178571428571, 0.7796874999999999], "train_auc_roc": [0.7158096768777042, 0.752210572125515, 0.8401504818711965, 0.8654098228131959, 0.8785712983087337, 0.8879047987984295, 0.893532870355308, 0.8983722647724058, 0.8976903691218778, 0.9026749990526796, 0.9107031248918996], "val_auc_roc": [0.7991482827367831, 0.8021980420737672, 0.8475942081877087, 0.8598667091748667, 0.8628707841627994, 0.8553640112692479, 0.8823261540345236, 0.8885252320029272, 0.874057599773473, 0.8770047357891624, 0.8776997542029955], "train_f1": [0.49078124295920134, 0.5555078135803342, 0.7116406373679638, 0.756992194801569, 0.7806835919618607, 0.7976953200995922, 0.808789074420929, 0.8174609430134296, 0.8157031200826168, 0.8241992183029652, 0.8388476744294167], "val_f1": [0.6390624982970101, 0.643973205770765, 0.7256696479661124, 0.7484375068119594, 0.7535714592252459, 0.7401785765375409, 0.7863839524132865, 0.7984375102179391, 0.7752232381275722, 0.7790178656578064, 0.7796875153269086]}, "1": {"train_loss": ["1.6077042", "1.0917451", "0.91948044", "0.82520884", "0.8002872", "0.7231349", "0.6882624", "0.65024734", "0.6166553", "0.6125462", "0.59243786", "0.57974434", "0.56855917", "0.55831236", "0.5488399", "0.5399322", "0.53154504", "0.52378243", "0.517056", "0.52338845", "0.53323543"], "val_loss": ["2.3019671", "1.2380878", "1.0100003", "0.8440878", "0.7593288", "0.6948015", "0.6285733", "0.6459819", "0.6152516", "0.58444864", "0.5673189", "0.55518943", "0.5438309", "0.53379303", "0.5247659", "0.5164267", "0.50850236", "0.5005428", "0.49290538", "0.5067846", "0.5429979"], "train_accuracy": [0.44683593749999995, 0.61099609375, 0.655234375, 0.6857812499999999, 0.686171875, 0.7190429687500001, 0.7359960937500001, 0.7570898437500001, 0.7685937500000001, 0.7740234374999999, 0.7799609375, 0.78568359375, 0.791796875, 0.7946484374999999, 0.7986328125000001, 0.803984375, 0.808046875, 0.81, 0.8114062500000001, 0.8061132812499998, 0.80396484375], "val_accuracy": [0.10424107142857143, 0.5977678571428572, 0.6084821428571429, 0.674330357142857, 0.6901785714285714, 0.7285714285714285, 0.7595982142857143, 0.7430803571428573, 0.7683035714285715, 0.7821428571428571, 0.7901785714285714, 0.7988839285714286, 0.8051339285714285, 0.8084821428571428, 0.8127232142857144, 0.8160714285714284, 0.819642857142857, 0.8225446428571427, 0.8272321428571429, 0.8104910714285714, 0.7930803571428571], "train_auc_roc": [0.6907467292553753, 0.7830613546827878, 0.808123086115851, 0.8252441915178741, 0.8263236105834876, 0.8442321023840242, 0.8534465978413606, 0.8655503915085376, 0.8710975212105057, 0.8738256398009386, 0.8770552685572709, 0.8802672004826045, 0.8836981522450407, 0.8852954455537494, 0.8875206901168083, 0.8905079232066685, 0.8927584877559656, 0.8938653658624738, 0.8947647629725921, 0.8924323407135001, 0.891538436575757], "val_auc_roc": [0.5, 0.7710645912301859, 0.7770545240308433, 0.8174864567063079, 0.8264105349672252, 0.8486598184952904, 0.8654708233641754, 0.8563231054362418, 0.8715397955368587, 0.8790968752728441, 0.8839680702860867, 0.8889212550309065, 0.8923979593424649, 0.8943030373595996, 0.8966934685425736, 0.8984764693212083, 0.9006150013759562, 0.9025731468535534, 0.9051565641076538, 0.8957068501369528, 0.8844712276180287], "train_f1": [0.4468359393067658, 0.6109960936009884, 0.6552343852818012, 0.685781255364418, 0.6861718744039536, 0.7190429680049419, 0.7359961047768593, 0.7570898421108723, 0.7685937471687794, 0.7740234360098839, 0.7799609415233135, 0.7856836058199406, 0.7917968854308128, 0.7946484610438347, 0.7986328154802322, 0.8039843738079071, 0.8080468811094761, 0.8100000023841858, 0.8114062510430813, 0.8061132878065109, 0.8039648346602917], "val_f1": [0.10424106887408666, 0.5977678554398673, 0.6084821394511631, 0.6743303452219281, 0.690178564616612, 0.7285714149475098, 0.7595982125827244, 0.743080369063786, 0.7683035731315613, 0.7821428605488369, 0.7901785799435207, 0.7988839234624591, 0.8051339217594692, 0.8084821360451835, 0.8127232279096331, 0.8160714507102966, 0.8196428673607963, 0.8225446513720921, 0.8272321394511631, 0.8104910850524902, 0.793080380984715]}, "2": {"train_loss": ["1.8696587", "1.2780321", "1.037469", "0.8454987", "0.7545012", "0.7038301", "0.67130935", "0.64060086", "0.6180049", "0.599334", "0.5804755", "0.5659055", "0.55298126", "0.54087615", "0.53123903", "0.52152544", "0.5129939", "0.5049355", "0.4977942", "0.49110603", "0.48484242", "0.4789807", "0.4734721", "0.46832186", "0.46336615", "0.45833203", "0.45406887", "0.4499222", "0.44535586", "0.4417028", "0.43849468", "0.43440652", "0.43113893", "0.4281143", "0.42520213", "0.42230952", "0.41920665", "0.4161348", "0.4126898", "0.4109792", "0.4111997"], "val_loss": ["1.4489564", "1.217335", "0.88995904", "0.7854062", "0.6795883", "0.6332442", "0.6142238", "0.5975346", "0.57962954", "0.5598138", "0.5493514", "0.54216176", "0.5353652", "0.529296", "0.52395433", "0.51867944", "0.51367253", "0.5083683", "0.50474876", "0.5012833", "0.49771434", "0.49437618", "0.4908929", "0.4876", "0.4856145", "0.48200792", "0.47954935", "0.4784773", "0.4759559", "0.4733229", "0.47363544", "0.47238466", "0.46996325", "0.4688281", "0.4682162", "0.46863243", "0.46837145", "0.466437", "0.46238565", "0.4615174", "0.47202238"], "train_accuracy": [0.40748046875000005, 0.5677734375, 0.6244140624999999, 0.6799804687500001, 0.7159960937500001, 0.7360742187499998, 0.7509960937500001, 0.7640039062500001, 0.7743749999999998, 0.7810351562499999, 0.7895703125, 0.7956054687499999, 0.8003125, 0.8051562499999999, 0.808671875, 0.8133203124999999, 0.8165625000000001, 0.81880859375, 0.82125, 0.824375, 0.8266796875, 0.82888671875, 0.8301757812500001, 0.831640625, 0.8332031249999999, 0.836484375, 0.8378515625000001, 0.8391796875, 0.8413476562500002, 0.84232421875, 0.8430859374999999, 0.844765625, 0.8467578124999999, 0.8479296875, 0.8487109375, 0.84931640625, 0.8502734375000001, 0.8518749999999998, 0.8533203125, 0.85341796875, 0.8516015625000002], "val_accuracy": [0.5647321428571429, 0.5910714285714286, 0.6354910714285714, 0.6955357142857144, 0.7477678571428573, 0.7654017857142856, 0.7732142857142857, 0.7803571428571429, 0.7881696428571429, 0.7962053571428571, 0.8008928571428572, 0.8011160714285716, 0.8058035714285714, 0.809375, 0.8102678571428571, 0.8120535714285715, 0.8167410714285713, 0.819642857142857, 0.8209821428571429, 0.8232142857142858, 0.8243303571428572, 0.8274553571428571, 0.8292410714285714, 0.8294642857142858, 0.8294642857142857, 0.8325892857142857, 0.8321428571428572, 0.8316964285714287, 0.8332589285714286, 0.8341517857142857, 0.8337053571428571, 0.8345982142857143, 0.8352678571428572, 0.8368303571428573, 0.8363839285714286, 0.834375, 0.8345982142857143, 0.8375, 0.8383928571428572, 0.8392857142857143, 0.8352678571428571],