{"num_parameters": 9022, "inference_timing": [0.000263, 0.000131, 0.000115, 0.000108, 0.000139, 0.000151, 0.000154, 0.000143, 0.00023, 0.000156, 0.000149, 0.000141, 0.000181, 0.00012, 0.000138, 0.000114, 0.000108, 0.000152, 0.000121, 0.000123, 0.000135, 0.000136, 0.00013, 0.000127, 0.000115, 0.000137, 0.000114, 0.000155, 0.000123, 0.000133, 0.000156, 0.000122, 0.000105, 0.000126, 0.000129, 0.000131, 0.000139, 0.000125, 0.000107, 0.000123, 0.000109, 0.000123, 0.000124, 0.000266, 0.000195, 0.000119, 0.000118, 0.000102, 0.000103, 0.000101], "training_timing": [11.325811, 21.825831, 41.746922]}