{"num_parameters": 216250, "inference_timing": [4.5e-05, 2.8e-05, 2.7e-05, 2.8e-05, 2.6e-05, 2.6e-05, 2.5e-05, 2.4e-05, 2.6e-05, 2.5e-05, 2.4e-05, 2.4e-05, 2.5e-05, 2.5e-05, 2.4e-05, 2.4e-05, 2.6e-05, 2.5e-05, 2.8e-05, 2.5e-05, 2.7e-05, 2.4e-05, 2.4e-05, 2.4e-05, 3.1e-05, 2.5e-05, 2.4e-05, 2.5e-05, 2.5e-05, 2.6e-05, 2.4e-05, 2.4e-05, 2.4e-05, 2.6e-05, 2.4e-05, 2.5e-05, 2.4e-05, 2.4e-05, 2.4e-05, 2.4e-05, 2.4e-05, 2.5e-05, 3.8e-05, 2.9e-05, 2.7e-05, 2.7e-05, 2.7e-05, 2.5e-05, 2.5e-05, 2.5e-05], "training_timing": [48.755035, 49.222202, 48.596783]}