{"0": {"train_loss": ["1.7894436", "1.0466189", "0.75798446", "0.56028473", "0.47903702", "0.4380845", "0.41082007", "0.3830829", "0.35401717", "0.3345346", "0.31978706", "0.30803904", "0.30079988", "0.30439794"], "val_loss": ["2.1825116", "1.042883", "0.61457855", "0.48578003", "0.4519619", "0.45534468", "0.40513006", "0.39497402", "0.37851566", "0.36944374", "0.3630395", "0.3612216", "0.37292978", "0.39934802"], "train_accuracy": [0.47687499999999994, 0.6948828125, 0.76267578125, 0.83001953125, 0.8539648437499998, 0.8660742187499999, 0.87541015625, 0.8846484375, 0.89234375, 0.8992968750000001, 0.9035546874999998, 0.90701171875, 0.9072656250000001, 0.9044921875], "val_accuracy": [0.40066964285714285, 0.7100446428571427, 0.8158482142857143, 0.8495535714285715, 0.8598214285714285, 0.8584821428571429, 0.8743303571428571, 0.8761160714285714, 0.8825892857142856, 0.8866071428571428, 0.8872767857142857, 0.8872767857142857, 0.8848214285714286, 0.8745535714285715], "train_auc_roc": [0.70387544492692, 0.8282053522465569, 0.8667585853359122, 0.90567588810909, 0.9187671129658034, 0.9258516272114797, 0.9306491308232087, 0.9359013600687162, 0.9402106335443439, 0.9441009962706209, 0.9464233153739008, 0.948333336868305, 0.9484237288935853, 0.9466392636741865], "val_auc_roc": [0.6685621341324776, 0.8372352226562129, 0.8977977392089026, 0.9160816506412083, 0.9214267158881408, 0.9221160696197567, 0.9303470947181836, 0.930995931234798, 0.9350032506976304, 0.937333820233472, 0.9377605264043837, 0.937753082986616, 0.9362434263830942, 0.9301376563390847], "train_f1": [0.47687500435858965, 0.6948828175663948, 0.7626757882535458, 0.8300195187330246, 0.8539648465812206, 0.866074226796627, 0.8754101432859898, 0.8846484310925007, 0.8923437409102917, 0.8992968648672104, 0.9035546816885471, 0.9070117138326168, 0.9072656258940697, 0.9044921807944775], "val_f1": [0.4006696471146175, 0.7100446479661124, 0.8158482228006635, 0.849553542477744, 0.8598214302744184, 0.858482130936214, 0.8743303503308978, 0.8761160714285714, 0.8825892720903669, 0.8866071360451835, 0.8872767686843872, 0.8872767857142857, 0.8848214064325605, 0.8745535612106323]}, "1": {"train_loss": ["1.2779565", "0.5913844", "0.45972943", "0.40335605", "0.37049922", "0.34764194", "0.33012542", "0.3159448", "0.30403605", "0.293869", "0.28529435", "0.27767125", "0.2711762", "0.2654492", "0.26041612", "0.2558255", "0.25149688", "0.247461", "0.24386694", "0.2404695", "0.2372996", "0.23431957", "0.23138274", "0.22855036", "0.2258401", "0.2233078", "0.22080626", "0.21836251", "0.21611015", "0.21389899", "0.21167713", "0.20947176", "0.20731583", "0.2052836", "0.2032934", "0.20132472"], "val_loss": ["1.4257135", "0.735989", "0.50167674", "0.45141035", "0.42602533", "0.40829468", "0.39438373", "0.38386658", "0.37607592", "0.36962703", "0.36386988", "0.35891062", "0.35490507", "0.35218164", "0.35009795", "0.34749842", "0.34564736", "0.34385616", "0.34283853", "0.3417193", "0.34090734", "0.33994034", "0.33889", "0.33788237", "0.337548", "0.33693185", "0.33631036", "0.33606663", "0.33594853", "0.33586964", "0.33551025", "0.3353189", "0.33527693", "0.33542332", "0.33546516", "0.33574635"], "train_accuracy": [0.658125, 0.8350390624999999, 0.8686328125, 0.8839843749999999, 0.8949999999999999, 0.9014648437500001, 0.9057421874999998, 0.9096679687499999, 0.9142187499999999, 0.9176367187499999, 0.92056640625, 0.9232617187500002, 0.9246289062499999, 0.9266796875000001, 0.927265625, 0.92830078125, 0.9290820312500001, 0.93017578125, 0.9315429687499999, 0.93212890625, 0.9333007812499999, 0.9333984375, 0.933984375, 0.93501953125, 0.9355664062500001, 0.9360546874999999, 0.9365429687499999, 0.93751953125, 0.9376171875, 0.93791015625, 0.9384570312499999, 0.9394921874999997, 0.9401171875, 0.9411914062499999, 0.9419726562499999, 0.94275390625], "val_accuracy": [0.7785714285714285, 0.8270089285714287, 0.8486607142857142, 0.8600446428571428, 0.86875, 0.8734375, 0.8810267857142857, 0.884375, 0.8868303571428571, 0.890625, 0.892857142857143, 0.8946428571428572, 0.8964285714285714, 0.8979910714285715, 0.8986607142857144, 0.9008928571428572, 0.9029017857142857, 0.9033482142857144, 0.9033482142857144, 0.9029017857142858, 0.9035714285714287, 0.903794642857143, 0.9049107142857143, 0.9058035714285715, 0.9060267857142856, 0.9080357142857143, 0.908705357142857, 0.9100446428571428, 0.9102678571428572, 0.9102678571428572, 0.9100446428571428, 0.9102678571428572, 0.9098214285714287, 0.9100446428571428, 0.9100446428571428, 0.9087053571428572], "train_auc_roc": [0.8074547306056973, 0.9064502527999765, 0.9257342941622329, 0.9344106752813442, 0.9406360415415695, 0.9443755835837813, 0.9468622342962849, 0.949083152939727, 0.9516136824833793, 0.953511911986029, 0.9551967948273252, 0.9567858982447364, 0.9575702022008229, 0.9586921729482516, 0.9590652379754566, 0.9596573804681667, 0.9600934176717797, 0.960679359402617, 0.9614231092992364, 0.9617501502824998, 0.9624603967061097, 0.9625098549817361, 0.9628433507754922, 0.9634351849664498, 0.9637496855746015, 0.964043549552254, 0.9643196758345258, 0.9648463180586702, 0.9649250241335328, 0.9651107338568475, 0.965407479813969, 0.9659743816730322, 0.9663573314603784, 0.9669313648255586, 0.9673806599658974, 0.967847632964637], "val_auc_roc": [0.8731032792989449, 0.9005513571888807, 0.9135081905199758, 0.9201946877320036, 0.925254295348476, 0.9282481495196595, 0.9324502389196351, 0.9342814963135071, 0.9357404637364889, 0.938012748309802, 0.9393252139729072, 0.940761046651604, 0.9417021753526053, 0.9428109595018972, 0.9432341601318212, 0.9444141761941004, 0.9454906752634576, 0.9457903040831327, 0.9457645838245996, 0.9455256377789182, 0.9461011508375343, 0.9462274439600004, 0.9469091884577094, 0.9475638892891889, 0.9476356654139758, 0.9486880800959578, 0.9490563909084383, 0.9497574350134472, 0.949911078031482, 0.9498845750847854, 0.9497715848965369, 0.9499190938942371, 0.9496330311546759, 0.9497702596104693, 0.9498015499171469, 0.9490905400920336], "train_f1": [0.6581249991431832, 0.8350390642881393, 0.8686328083276749, 0.8839843645691872, 0.8949999958276749, 0.9014648497104645, 0.9057421833276749, 0.90966796875, 0.9142187498509884, 0.9176367111504078, 0.9205664023756981, 0.9232617132365704, 0.9246289059519768, 0.9266796857118607, 0.9272656217217445, 0.9283007755875587, 0.9290820360183716, 0.9301757849752903, 0.9315429665148258, 0.9321289099752903, 0.9333007782697678, 0.9333984367549419, 0.9339843764901161, 0.9350195303559303, 0.9355663992464542, 0.9360546842217445, 0.9365429729223251, 0.9375195316970348, 0.9376171864569187, 0.937910158187151, 0.9384570345282555, 0.9394921883940697, 0.9401171877980232, 0.9411914125084877, 0.9419726692140102, 0.9427539184689522], "val_f1": [0.778571435383388, 0.8270089285714286, 0.8486606989588056, 0.860044641154153, 0.8687499846730914, 0.8734374897820609, 0.8810267874172756, 0.8843750017029899, 0.8868303639548165, 0.890625, 0.8928571428571429, 0.8946428554398673, 0.8964285765375409, 0.8979910612106323, 0.8986607108797345, 0.9008928537368774, 0.9029017857142857, 0.9033481989588056, 0.9033481734139579, 0.9029017686843872, 0.9035714268684387, 0.9037946462631226, 0.904910717691694, 0.9058035697255816, 0.9060267891202655, 0.9080357125827244, 0.9087053622518267, 0.9100446445601327, 0.9102678554398673, 0.9102678554398673, 0.9100446360451835, 0.910267846924918, 0.9098214336803981, 0.9100446445601327, 0.9100446445601327, 0.9087053537368774]}, "2": {"train_loss": ["1.2998713", "0.65872604", "0.5714979", "0.5037741", "0.4624117", "0.4270304", "0.3971557", "0.37374365", "0.3556684", "0.340987", "0.3282456", "0.31673136", "0.30715653", "0.29884595", "0.2914062", "0.2846703", "0.278594", "0.27303562", "0.2677966", "0.26299766", "0.2586568", "0.25447243", "0.25059357", "0.24693716", "0.24340035", "0.24017258", "0.2370472", "0.23390907", "0.23104261", "0.22831975", "0.22553703", "0.2228327", "0.22023682", "0.2178234"],