{"num_parameters": 6806, "inference_timing": [0.00059, 0.000542, 0.000184, 0.000149, 0.000161, 0.000167, 0.000752, 0.000183, 0.000192, 0.00017, 0.000205, 0.00017, 0.000168, 0.000161, 0.000155, 0.000183, 0.000178, 0.000203, 0.000163, 0.000189, 0.000161, 0.00015, 0.000152, 0.000155, 0.000169, 0.000179, 0.000219, 0.000196, 0.000171, 0.000182, 0.000166, 0.000162, 0.000168, 0.000151, 0.000166, 0.000173, 0.000161, 0.000173, 0.000169, 0.0002, 0.000187, 0.000178, 0.000169, 0.000167, 0.000193, 0.000229, 0.000227, 0.00015, 0.000144, 0.000149], "training_timing": [20.496495, 53.728243, 49.779471]}