{"num_parameters": 20260, "inference_timing": [0.000185, 0.00017, 0.000168, 0.000144, 0.000149, 0.000147, 0.000133, 0.000142, 0.00014, 0.00014, 0.000134, 0.000132, 0.000135, 0.000167, 0.000145, 0.000139, 0.000137, 0.000136, 0.000141, 0.000164, 0.000138, 0.000133, 0.00014, 0.000131, 0.000131, 0.000139, 0.000141, 0.00014, 0.000139, 0.000189, 0.000139, 0.000136, 0.000132, 0.000216, 0.000154, 0.00016, 0.000144, 0.000138, 0.000139, 0.000137, 0.000168, 0.000138, 0.000135, 0.00014, 0.000166, 0.000166, 0.000145, 0.000135, 0.000135, 0.000131], "training_timing": [66.739906, 67.160096, 67.034552]}