{"num_parameters": 186722, "inference_timing": [0.000612, 0.000534, 0.000533, 0.000526, 0.000527, 0.000521, 0.000579, 0.000591, 0.000522, 0.000566, 0.00053, 0.000524, 0.000523, 0.000537, 0.000518, 0.000524, 0.000523, 0.000531, 0.000528, 0.000534, 0.000523, 0.000528, 0.000523, 0.000524, 0.000531, 0.000526, 0.00052, 0.000528, 0.000524, 0.000525, 0.000558, 0.000532, 0.000522, 0.000526, 0.00052, 0.00052, 0.000522, 0.000594, 0.000514, 0.000521, 0.000515, 0.000526, 0.000513, 0.000521, 0.00057, 0.000515, 0.000513, 0.000523, 0.000541, 0.000523], "training_timing": [107.292117, 109.087616, 89.801383]}