{"0": {"train_loss": ["2.2573822", "2.1772132", "2.1408362", "2.1304722", "2.112995", "2.1017182", "2.091322", "2.0813637", "2.0733798", "2.0656948", "2.05917", "2.0532315", "2.0474346", "2.041391", "2.0453708", "2.0505304", "2.0364494", "2.0329132", "2.025201"], "val_loss": ["2.2155476", "2.1666586", "2.142966", "2.1282427", "2.1155155", "2.1086884", "2.101525", "2.0965993", "2.092171", "2.0886426", "2.0857654", "2.083144", "2.0808082", "2.0790825", "2.1298363", "2.0720305", "2.0817792", "2.0750728", "2.0783653"], "train_accuracy": [0.1491796875, 0.20402343750000002, 0.21753906250000002, 0.22591796875, 0.2346875, 0.24257812499999998, 0.24773437500000003, 0.25259765625, 0.25830078125, 0.2637109375, 0.2687109375, 0.27218749999999997, 0.275390625, 0.27865234375000003, 0.28171875, 0.27572265625, 0.28156250000000005, 0.28658203125, 0.28861328125], "val_accuracy": [0.1988839285714286, 0.22500000000000003, 0.2263392857142857, 0.234375, 0.24464285714285713, 0.24732142857142855, 0.2520089285714286, 0.2546875, 0.2564732142857143, 0.2571428571428572, 0.26004464285714285, 0.2604910714285714, 0.26383928571428567, 0.2616071428571428, 0.24888392857142855, 0.2741071428571429, 0.2598214285714286, 0.2683035714285715, 0.26473214285714286], "train_auc_roc": [0.5281652688009246, 0.5587865522390602, 0.5662655536364897, 0.5708928181932836, 0.5756493056603068, 0.5800217889691838, 0.5827631709667055, 0.5853338850453647, 0.5885076359103593, 0.5914787948547167, 0.5942156507752491, 0.5961373402761238, 0.5979398221796901, 0.5998436350736825, 0.6018231576451524, 0.5982314223549334, 0.6013905333108813, 0.6040163252978213, 0.6051752446626075], "val_auc_roc": [0.5564294245687575, 0.5701160439825159, 0.5702608892829485, 0.574312812115738, 0.5796722870830385, 0.5813322944204838, 0.5838109145663241, 0.5852543808199043, 0.586204610362693, 0.5865915097547705, 0.5880649832703885, 0.5883238918684583, 0.5898754973782722, 0.5889522349719893, 0.583107503431214, 0.5962532621526246, 0.588168459070766, 0.5928812725217748, 0.5913067746449088], "train_f1": [0.14917968679219484, 0.20402343943715096, 0.21753906086087227, 0.22591796796768904, 0.23468749970197678, 0.24257812183350325, 0.24773437436670065, 0.25259765703231096, 0.25830077938735485, 0.2637109365314245, 0.26871093548834324, 0.27218750305473804, 0.27539062686264515, 0.2786523438990116, 0.28171874955296516, 0.27572265919297934, 0.2815624959766865, 0.2865820322185755, 0.2886132802814245], "val_f1": [0.1988839272941862, 0.22499999829701015, 0.22633928486279078, 0.234375, 0.2446428601230894, 0.2473214247397014, 0.25200892771993366, 0.25468750298023224, 0.256473217691694, 0.25714285245963503, 0.26004464072840555, 0.260491071002824, 0.26383928103106363, 0.2616071381739208, 0.24888392644269125, 0.274107141154153, 0.25982142771993366, 0.2683035731315613, 0.2647321458373751]}, "1": {"train_loss": ["2.252952", "2.173539", "2.1376197", "2.1281452", "2.1111155", "2.100063", "2.0894094", "2.0799367", "2.0720673", "2.0646477", "2.058322", "2.0525212", "2.0468414", "2.041112", "2.0357752", "2.055567", "2.0331342", "2.039106", "2.0259519", "2.0217595", "2.0227478", "2.0318286", "2.0129743"], "val_loss": ["2.223378", "2.1693916", "2.1443906", "2.127794", "2.1145704", "2.106194", "2.099086", "2.0939825", "2.089607", "2.0860856", "2.083222", "2.0806386", "2.0783496", "2.0763295", "2.0990276", "2.0823715", "2.0783718", "2.0717208", "2.0695744", "2.0690434", "2.0983336", "2.0694373", "2.0719829"], "train_accuracy": [0.15771484375, 0.20775390625000004, 0.22041015625000004, 0.22501953125, 0.23541015625, 0.24238281250000002, 0.24835937500000002, 0.253984375, 0.25953124999999994, 0.26375000000000004, 0.26978515625, 0.272578125, 0.27732421874999996, 0.28138671875000004, 0.28521484375, 0.27361328124999995, 0.28449218750000005, 0.28220703125, 0.292265625, 0.29552734374999995, 0.29619140625, 0.28611328125, 0.29865234374999994], "val_accuracy": [0.19330357142857144, 0.21450892857142856, 0.2256696428571429, 0.23147321428571427, 0.2410714285714286, 0.2473214285714286, 0.2542410714285714, 0.25870535714285714, 0.26183035714285713, 0.26071428571428573, 0.2609375, 0.26227678571428575, 0.2631696428571429, 0.2631696428571429, 0.2537946428571428, 0.2636160714285714, 0.26272321428571427, 0.26919642857142856, 0.271875, 0.27254464285714286, 0.25178571428571433, 0.27656249999999993, 0.2794642857142857], "train_auc_roc": [0.5325438332000149, 0.560640454533385, 0.5676489006244577, 0.5700977409324371, 0.5758660355431463, 0.5797249850894055, 0.5830234062776054, 0.5860926305057113, 0.5890843189793261, 0.5913554746996693, 0.594699949157526, 0.5961755900209034, 0.5988675192131669, 0.601201782305359, 0.6034796238186405, 0.5973275197762418, 0.603015637302604, 0.6015268594237736, 0.6071228665147652, 0.6089618896165863, 0.6094078740918173, 0.6038959667566893, 0.6106858913574923], "val_auc_roc": [0.5526576997388188, 0.5640747394513284, 0.5698453941248662, 0.5724733405987383, 0.5777816125940584, 0.5808943090159816, 0.5848410040151125, 0.587387451276778, 0.5891352186366189, 0.5886091638322798, 0.5885364042319707, 0.5891296427068359, 0.5893219595704201, 0.589482512025705, 0.5857558922958689, 0.5910342704862226, 0.5896393106403391, 0.5934166369502876, 0.5947595735968102, 0.5951093058615136, 0.5838038598320895, 0.5977631817308676, 0.5992016563686663], "train_f1": [0.15771484281867743, 0.20775390416383743, 0.22041015420109034, 0.22501952853053808, 0.23541015479713678, 0.24238281231373549, 0.24835937283933163, 0.2539843739941716, 0.2595312502235174, 0.26375000085681677, 0.26978515833616257, 0.27257812581956387, 0.27732421830296516, 0.2813867200165987, 0.28521484322845936, 0.2736132815480232, 0.2844921872019768, 0.28220703080296516, 0.2922656275331974, 0.29552734456956387, 0.29619140550494194, 0.28611328173428774, 0.2986523453146219], "val_f1": [0.19330357015132904, 0.21450893155166081, 0.2256696437086378, 0.2314732117312295, 0.24107142857142858, 0.24732142899717605, 0.2542410727058138, 0.2587053562913622, 0.26183035543986727, 0.26071428826877047, 0.2609375012772424, 0.2622767835855484, 0.2631696398769106, 0.2631696420056479, 0.2537946381739208, 0.26361606802259174, 0.2627232202461788, 0.2691964294229235, 0.27187500255448477, 0.2725446437086378, 0.25178571684019907, 0.27656249489103046, 0.2794642874172756]}, "2": {"train_loss": ["2.2586482", "2.1780171", "2.1409643", "2.130032", "2.1132126", "2.1014981", "2.091336", "2.081853", "2.073666", "2.0662496", "2.0596278", "2.053632", "2.0480914", "2.0427964", "2.0373006", "2.0458865", "2.045414", "2.0348666"], "val_loss": ["2.2149918", "2.1634717", "2.1401062", "2.1245635", "2.1122599", "2.104523", "2.0979288", "2.092996", "2.0890648", "2.085943", "2.083406", "2.081275", "2.0794692", "2.0779712", "2.0781312", "2.1168468", "2.0684695", "2.076852"], "train_accuracy": [0.15624999999999997, 0.20828125000000003, 0.2222265625, 0.22662109375, 0.23673828125000002, 0.24216796875, 0.24927734375, 0.2551171875, 0.25982421875, 0.26478515625000004, 0.26869140625, 0.27359375, 0.27652343749999997, 0.27982421875, 0.28341796875, 0.2791796875, 0.2814453125, 0.2871484374999999], "val_accuracy": [0.1796875, 0.2174107142857143, 0.22075892857142856, 0.234375, 0.2372767857142857, 0.24285714285714283, 0.2504464285714286, 0.25133928571428577, 0.2549107142857143, 0.25669642857142855, 0.25580357142857146, 0.25669642857142855, 0.2580357142857143, 0.25558035714285715, 0.25982142857142854, 0.25290178571428573, 0.27120535714285715, 0.2595982142857142], "train_auc_roc": [0.5321913109884451, 0.5610834826362243, 0.5689036317792263, 0.571010077192248, 0.5766633859430869, 0.5796353802632677, 0.583649344105798, 0.5869041279613347, 0.5894412409354491, 0.5921601311479279, 0.5943105062222558, 0.5970195916366999, 0.5986249671729115, 0.6004801481305349, 0.6024550319685295, 0.600588605198533, 0.6011895361916502, 0.6043085040458049],