{"num_parameters": 215290, "inference_timing": [5.1e-05, 2.7e-05, 2.5e-05, 2.4e-05, 2.4e-05, 2.4e-05, 2.3e-05, 2.3e-05, 2.3e-05, 2.3e-05, 2.3e-05, 2.3e-05, 2.3e-05, 2.3e-05, 2.2e-05, 2.3e-05, 2.3e-05, 2.2e-05, 2.3e-05, 2.2e-05, 2.3e-05, 2.3e-05, 2.2e-05, 2.2e-05, 2.3e-05, 2.2e-05, 2.2e-05, 2.3e-05, 2.2e-05, 2.3e-05, 2.2e-05, 2.3e-05, 2.3e-05, 2.3e-05, 2.2e-05, 2.2e-05, 2.2e-05, 2.3e-05, 2.2e-05, 2.2e-05, 2.3e-05, 2.2e-05, 2.2e-05, 2.2e-05, 2.2e-05, 2.3e-05, 2.2e-05, 2.2e-05, 2.3e-05, 2.3e-05], "training_timing": [12.329868, 14.736102, 11.696921]}