{"num_parameters": 11582, "inference_timing": [0.002002, 0.000139, 0.000122, 0.000112, 0.000117, 0.000112, 0.000107, 0.000104, 0.000113, 0.000102, 0.000104, 0.000103, 9.7e-05, 0.0001, 0.000143, 0.000137, 0.000114, 0.000106, 0.000105, 0.000103, 0.000104, 0.000101, 0.000139, 0.000117, 0.000121, 9.8e-05, 9.8e-05, 9.7e-05, 9.7e-05, 0.000121, 0.000124, 0.000133, 0.000104, 0.000101, 0.0001, 9.8e-05, 9.7e-05, 9.8e-05, 9.7e-05, 9.7e-05, 9.6e-05, 0.000127, 0.000119, 0.000117, 0.000108, 0.000106, 0.000102, 9.9e-05, 9.9e-05, 0.000103], "training_timing": [40.378509, 12.012541, 54.02843]}