{"num_parameters": 21799, "inference_timing": [0.000196, 0.00018, 0.00015, 0.000143, 0.000149, 0.000137, 0.000138, 0.000178, 0.000156, 0.000146, 0.000147, 0.000138, 0.000139, 0.000134, 0.000131, 0.000137, 0.000134, 0.000132, 0.000155, 0.000142, 0.000138, 0.000138, 0.000138, 0.00015, 0.000139, 0.000138, 0.00015, 0.000134, 0.000135, 0.000136, 0.000136, 0.000157, 0.000141, 0.000137, 0.00024, 0.000139, 0.000136, 0.000136, 0.000229, 0.00016, 0.000143, 0.00014, 0.000132, 0.000131, 0.000131, 0.000157, 0.000134, 0.000133, 0.000137, 0.000132], "training_timing": [66.82533, 66.880799, 66.811682]}