{"num_parameters": 182192, "inference_timing": [0.000588, 0.000525, 0.000518, 0.000519, 0.000515, 0.000523, 0.000524, 0.000525, 0.000534, 0.000527, 0.000524, 0.000523, 0.000521, 0.000521, 0.000521, 0.000524, 0.000519, 0.00052, 0.000521, 0.000523, 0.000519, 0.000519, 0.000515, 0.000526, 0.000519, 0.000517, 0.000516, 0.00052, 0.000525, 0.000517, 0.000517, 0.000519, 0.00052, 0.000517, 0.000529, 0.000519, 0.000513, 0.000517, 0.000519, 0.00052, 0.000519, 0.000518, 0.000516, 0.000518, 0.000519, 0.000518, 0.000519, 0.000519, 0.000521, 0.000519], "training_timing": [106.768416, 106.445271, 105.071365]}