{"num_parameters": 235964, "inference_timing": [0.000795, 0.000723, 0.000719, 0.000709, 0.000713, 0.000706, 0.000707, 0.000704, 0.000705, 0.000708, 0.000704, 0.000705, 0.000703, 0.000708, 0.000702, 0.0007, 0.000704, 0.000704, 0.000697, 0.000702, 0.000707, 0.000702, 0.000698, 0.000703, 0.000705, 0.000703, 0.000701, 0.0007, 0.000699, 0.000704, 0.0007, 0.000703, 0.000702, 0.000701, 0.000696, 0.000697, 0.0007, 0.000701, 0.000697, 0.000716, 0.000711, 0.000708, 0.000699, 0.000698, 0.0007, 0.000701, 0.000706, 0.000697, 0.000696, 0.000704], "training_timing": [157.144937, 155.409736, 154.906211]}