{"0": {"train_loss": ["3.6246598", "2.1687388", "2.0986414", "2.031331", "1.9815515", "1.9431635", "1.9120461", "1.885297", "1.8614571", "1.840291", "1.8209593", "1.8027815", "1.785916", "1.7697747", "1.754181", "1.7390804", "1.7244806", "1.7102859", "1.6964717", "1.6829726", "1.6695131", "1.6564482", "1.6434216", "1.6308223", "1.6182238", "1.6057788", "1.5934999", "1.5814273", "1.5695367", "1.5578582", "1.546468", "1.5352377", "1.5239733", "1.5129684", "1.502233", "1.4914598", "1.4809694", "1.4706426", "1.4601154", "1.4496601", "1.4394166"], "val_loss": ["2.1681523", "2.144526", "2.075697", "2.016363", "1.9766277", "1.9477807", "1.926172", "1.9085693", "1.893693", "1.8810364", "1.8694159", "1.8589922", "1.849317", "1.8401068", "1.8316442", "1.8239738", "1.8166631", "1.8098549", "1.8034513", "1.7975422", "1.7921497", "1.7870756", "1.782833", "1.778732", "1.774827", "1.7714065", "1.7678621", "1.7651701", "1.7626611", "1.7608383", "1.7588309", "1.7572693", "1.7559334", "1.7551801", "1.7542571", "1.7537556", "1.753596", "1.7536985", "1.7532408", "1.7538909", "1.7549009"], "train_accuracy": [0.13550781250000002, 0.21224609374999998, 0.24287109375, 0.27330078125000007, 0.29158203125, 0.30460937499999996, 0.31822265625, 0.32976562499999995, 0.33763671875, 0.34533203125, 0.353515625, 0.3616796875, 0.36630859375, 0.3739453125, 0.37919921875, 0.38427734375, 0.3909765625, 0.39564453125000004, 0.4010156250000001, 0.40677734374999996, 0.41349609375, 0.41796875, 0.42291015624999995, 0.4264453125000001, 0.42978515624999997, 0.43373046875000004, 0.43830078124999994, 0.44427734375, 0.45025390624999995, 0.45337890625, 0.45837890624999994, 0.46296875000000004, 0.4660546875, 0.4692187500000001, 0.47216796875000006, 0.47701171875000004, 0.479453125, 0.48388671875, 0.48802734374999995, 0.49169921874999994, 0.49466796875], "val_accuracy": [0.21138392857142854, 0.2323660714285714, 0.25379464285714287, 0.2761160714285715, 0.296875, 0.3073660714285714, 0.31718750000000007, 0.3198660714285714, 0.32455357142857144, 0.3321428571428572, 0.33571428571428574, 0.3390625, 0.346875, 0.3484375, 0.3529017857142857, 0.3537946428571428, 0.35714285714285715, 0.3566964285714285, 0.35848214285714286, 0.3625, 0.3660714285714285, 0.36674107142857143, 0.3685267857142857, 0.37120535714285713, 0.3716517857142857, 0.3714285714285714, 0.3727678571428571, 0.3725446428571429, 0.3787946428571428, 0.38169642857142855, 0.38125, 0.38303571428571426, 0.3841517857142857, 0.384375, 0.3852678571428572, 0.38504464285714285, 0.3857142857142857, 0.38638392857142856, 0.3857142857142857, 0.3866071428571428, 0.3841517857142857], "train_auc_roc": [0.5206992842659743, 0.5633322219908645, 0.5808854573811616, 0.5976349561841809, 0.6073906852168842, 0.6144025039525559, 0.6215049643048227, 0.6277951489131776, 0.6320427820555988, 0.6362238798259894, 0.640633333011098, 0.6451216829670885, 0.6476093273991531, 0.6518360767281427, 0.6546942115659486, 0.6575148552089346, 0.6611600776658216, 0.6637020470718092, 0.6667077204258207, 0.6699010388257128, 0.6735914301678756, 0.6761215495246667, 0.6787240904712921, 0.6806761156754655, 0.682493442979857, 0.6847496334571197, 0.6872382536365593, 0.6905254945681291, 0.6938360516510627, 0.6956090752090509, 0.698491550267683, 0.7010828921121084, 0.7029617143417586, 0.7047254648499344, 0.7063627734100836, 0.7090666423463086, 0.7104354589698791, 0.7129315954692665, 0.7152595224268511, 0.7173586274776724, 0.7190354099463075], "val_auc_roc": [0.5616145639248544, 0.5742495701568109, 0.5864148704381132, 0.5993052801550364, 0.6104946602407093, 0.6159432751521133, 0.621093427424905, 0.6227820315773158, 0.625072155620419, 0.6296252661810705, 0.6315358808729133, 0.6332310889242863, 0.6374425565950164, 0.6380697703334758, 0.640382650255835, 0.6407326371883751, 0.6427938375123619, 0.6427257262918635, 0.6434847331801586, 0.6457090329082285, 0.6476670416900417, 0.6484033618966507, 0.649358165682812, 0.6507945547067361, 0.6513050066888587, 0.6511460504524939, 0.6518409456170183, 0.6516072937758242, 0.6552395917157348, 0.6568223714176955, 0.6562474050157048, 0.657251546425673, 0.6577387480575484, 0.6576092140108624, 0.6580568035386306, 0.6576972020679017, 0.6580820759105434, 0.658350795177907, 0.6579841840997467, 0.6584691956169146, 0.6570615165984427], "train_f1": [0.13550781225785613, 0.21224609203636646, 0.24287109542638063, 0.2733007809147239, 0.2915820311754942, 0.30460937321186066, 0.31822265312075615, 0.3297656252980232, 0.33763671666383743, 0.34533203206956387, 0.35351563058793545, 0.3616796862334013, 0.3663085922598839, 0.37394531443715096, 0.37919921800494194, 0.38427734561264515, 0.3909765649586916, 0.395644536241889, 0.40101562812924385, 0.40677734836935997, 0.41349609196186066, 0.41796874813735485, 0.4229101501405239, 0.4264453053474426, 0.42978515289723873, 0.43373045697808266, 0.4383007809519768, 0.44427734054625034, 0.45025390200316906, 0.4533789027482271, 0.45837890170514584, 0.4629687499254942, 0.4660546835511923, 0.46921874955296516, 0.47216796875, 0.4770117159932852, 0.4794531222432852, 0.48388672061264515, 0.48802734538912773, 0.49169922061264515, 0.4946679640561342], "val_f1": [0.2113839260169438, 0.23236607440880366, 0.2537946403026581, 0.2761160731315613, 0.29687499574252535, 0.3073660731315613, 0.31718750510896954, 0.319866065468107, 0.3245535705770765, 0.3321428596973419, 0.3357142848627908, 0.3390625076634543, 0.34687499914850506, 0.34843750085149494, 0.3529017908232553, 0.3537946471146175, 0.35714285714285715, 0.35669643538338797, 0.35848215222358704, 0.36249999489103046, 0.36607142431395395, 0.3667410739830562, 0.3685267950807299, 0.3712053596973419, 0.37165178997176035, 0.3714285748345511, 0.37276786140033175, 0.37254464626312256, 0.37879464456013273, 0.38169644134385244, 0.3812500068119594, 0.38303571939468384, 0.3841517908232553, 0.38437499744551523, 0.3852678579943521, 0.3850446513720921, 0.3857142797538212, 0.3863839294229235, 0.38571428826877047, 0.3866071403026581, 0.384151782308306]}, "1": {"train_loss": ["3.110084", "2.189782", "2.0865092", "2.0236804", "1.9759113", "1.939023", "1.9068614", "1.8782247", "1.8534724", "1.8314484", "1.8121446", "1.7943717", "1.777508", "1.7615056", "1.7461596", "1.7315718", "1.7174323", "1.7035495", "1.6902015", "1.6771091", "1.6638732", "1.6507443", "1.6379381", "1.6256576", "1.6129969", "1.6004885", "1.588366", "1.5762784", "1.5647662", "1.5532782", "1.5415795", "1.5300372", "1.5186565", "1.5078331", "1.4970545", "1.4860243", "1.4750898", "1.4646201", "1.4542171", "1.4438769"], "val_loss": ["2.182646", "2.1568706", "2.0769086", "2.0132775", "1.9720469", "1.9425107", "1.9183921", "1.8987831", "1.8825926", "1.8690373", "1.8587941", "1.8486358", "1.840203", "1.8322694", "1.8253506", "1.8195909", "1.8139746", "1.8082479", "1.8027068", "1.7977272", "1.7930688", "1.7882348", "1.7839905", "1.7796948", "1.7754301", "1.7713672", "1.7679231", "1.765195", "1.7628648", "1.7602355", "1.7581637", "1.7562307", "1.7549576", "1.7541783", "1.7536188", "1.7531227", "1.7533299", "1.7532333", "1.754068", "1.7551099"], "train_accuracy": [0.14730468750000003, 0.21205078125, 0.250703125, 0.27107421874999993, 0.28726562499999997, 0.30511718749999994, 0.31837890625, 0.33029296874999997, 0.34093749999999995, 0.34978515625, 0.35767578125000005, 0.36566406249999994, 0.37466796875, 0.38017578125, 0.3860546875, 0.39013671875000006, 0.39443359375, 0.40056640625, 0.40431640625, 0.40908203125, 0.4128125000000001, 0.417890625, 0.4225, 0.4247656250000001, 0.428125, 0.4328515625, 0.43794921875000004, 0.44244140625, 0.44482421875000006, 0.4496484375, 0.4551171875, 0.46156249999999993, 0.4661523437499999, 0.47082031250000006, 0.4758203125, 0.47978515625000007, 0.48697265625, 0.4928515625, 0.49689453125, 0.500859375],