{"num_parameters": 201672, "inference_timing": [0.000799, 0.000742, 0.000731, 0.000728, 0.000725, 0.000726, 0.000724, 0.000726, 0.00072, 0.000725, 0.000733, 0.000742, 0.000731, 0.00079, 0.00078, 0.000727, 0.000725, 0.000724, 0.000718, 0.00072, 0.000721, 0.000719, 0.000723, 0.000718, 0.000721, 0.000729, 0.000743, 0.00073, 0.000788, 0.000775, 0.000728, 0.000721, 0.000718, 0.000729, 0.000728, 0.000716, 0.000719, 0.000715, 0.000725, 0.000718, 0.000725, 0.000718, 0.000732, 0.00072, 0.000779, 0.000735, 0.000776, 0.000725, 0.000726, 0.000719], "training_timing": [52.679312, 52.118305, 47.7438]}