{"0": {"train_loss": ["2.2645297", "2.202249", "2.185433", "2.177246", "2.172539", "2.1696272", "2.1677506", "2.166508", "2.1656673", "2.1650887", "2.1646843", "2.164398", "2.1641927", "2.1640434", "2.1639345"], "val_loss": ["2.2236168", "2.200566", "2.1910605", "2.186172", "2.183436", "2.1818488", "2.180918", "2.1803753", "2.1800673", "2.1799028", "2.1798255", "2.179802", "2.1798098", "2.179836", "2.1798725"], "train_accuracy": [0.16359374999999998, 0.20689453124999999, 0.21384765624999996, 0.218984375, 0.22228515624999998, 0.22126953124999998, 0.22250000000000003, 0.22306640625, 0.22390624999999997, 0.22455078125000003, 0.22480468750000002, 0.22474609375000001, 0.22439453125, 0.2237109375, 0.22357421875], "val_accuracy": [0.2011160714285714, 0.2129464285714286, 0.21941964285714285, 0.22388392857142855, 0.2229910714285714, 0.22433035714285715, 0.2254464285714286, 0.22544642857142858, 0.22745535714285717, 0.22790178571428574, 0.23058035714285713, 0.2294642857142857, 0.22924107142857145, 0.23058035714285713, 0.2314732142857143], "train_auc_roc": [0.535990625597215, 0.5598493493870333, 0.5634779426933919, 0.5662760508631239, 0.5680959149360298, 0.5674974615862917, 0.5682020533888746, 0.5685234512145547, 0.5690076521062896, 0.5693328937298913, 0.5695198317735367, 0.5694995466435929, 0.5693419319993235, 0.5689185260032225, 0.5688269881511865], "val_auc_roc": [0.5565385209240723, 0.5626814319932285, 0.5661624545117362, 0.568609458225473, 0.5681065940327337, 0.5688178576169073, 0.5694078361734214, 0.5694797313396796, 0.5706523087865263, 0.5711192916116459, 0.5724567333471858, 0.5717778879011686, 0.5718145293486396, 0.5726111259910207, 0.5731290233749086], "train_f1": [0.1635937485843897, 0.20689453184604645, 0.21384765580296516, 0.21898437663912773, 0.2222851561382413, 0.22126953024417162, 0.22249999921768904, 0.22306640725582838, 0.22390624787658453, 0.2245507799088955, 0.2248046863824129, 0.22474609315395355, 0.22439453192055225, 0.22371093649417162, 0.22357421834021807], "val_f1": [0.20111607015132904, 0.21294642771993363, 0.21941964328289032, 0.22388392899717605, 0.2229910727058138, 0.22433035288538253, 0.22544642644269125, 0.22544642857142858, 0.22745535842009953, 0.22790178656578064, 0.2305803575686046, 0.22946428614003317, 0.22924106887408666, 0.2305803554398673, 0.23147321385996683]}, "1": {"train_loss": ["2.2837582", "2.2093527", "2.1899483", "2.1801655", "2.1744633", "2.170915", "2.1686187", "2.1670914", "2.1660538", "2.165337", "2.1648347", "2.1644783", "2.1642237", "2.1640384", "2.1639042", "2.1638052", "2.163732", "2.1636777", "2.163637"], "val_loss": ["2.2303302", "2.20643", "2.1956537", "2.1896625", "2.1860845", "2.1838715", "2.1824749", "2.1815846", "2.1810143", "2.1806502", "2.1804214", "2.180281", "2.180199", "2.1801553", "2.1801372", "2.1801353", "2.1801436", "2.1801581", "2.1801765"], "train_accuracy": [0.1475390625, 0.20103515625, 0.21562499999999996, 0.22203125, 0.221875, 0.22435546874999995, 0.22306640625, 0.223046875, 0.22130859375, 0.22150390625, 0.2229296875, 0.22298828125, 0.2236328125, 0.22308593749999997, 0.22386718750000004, 0.22357421875000003, 0.22376953125000004, 0.22392578124999998, 0.22416015624999996], "val_accuracy": [0.19218749999999998, 0.21428571428571425, 0.21674107142857144, 0.21830357142857143, 0.2207589285714286, 0.22209821428571427, 0.22410714285714284, 0.2256696428571429, 0.2274553571428571, 0.22790178571428574, 0.22857142857142856, 0.2285714285714286, 0.23013392857142856, 0.2305803571428571, 0.23102678571428573, 0.23058035714285713, 0.22991071428571433, 0.22968750000000002, 0.22991071428571427], "train_auc_roc": [0.5272214363303603, 0.5567071306770117, 0.564543695032597, 0.5678984499752137, 0.567783376104148, 0.5690892948702446, 0.5683567708563952, 0.5683358022754231, 0.5674702694279645, 0.5676541223050893, 0.568480063508338, 0.5685283709132847, 0.5688629198047952, 0.5685362526029757, 0.5689279432371102, 0.5687492545080949, 0.568895985215975, 0.5690162527684195, 0.569157553197606], "val_auc_roc": [0.5515039721259779, 0.5638027486039278, 0.5650825997921817, 0.5660309211997913, 0.5670060370623196, 0.5676127908137504, 0.5687133692767077, 0.56985651484946, 0.5709303821997878, 0.5711468324496468, 0.5715337766313627, 0.5718571674218007, 0.5725918712119522, 0.5728004400315395, 0.5731184054324053, 0.5727953137354779, 0.5723571747616016, 0.572242127243989, 0.5723336406484408], "train_f1": [0.14753906428813934, 0.20103515777736902, 0.21562499552965164, 0.22203124780207872, 0.22187499981373549, 0.22435546852648258, 0.2230664063245058, 0.22304687183350325, 0.22130859177559614, 0.22150390688329935, 0.22292968444526196, 0.2229882786050439, 0.22363280970603228, 0.2230859324336052, 0.22386718541383743, 0.22357421461492777, 0.22376952972263098, 0.22392577957361937, 0.22416015528142452], "val_f1": [0.19218750510896956, 0.21428571854318892, 0.21674106802259172, 0.21830356972558157, 0.22075892984867096, 0.22209821428571427, 0.2241071398769106, 0.2256696437086378, 0.22745535842009953, 0.22790178656578064, 0.22857142771993363, 0.22857142559119634, 0.2301339272941862, 0.23058035969734192, 0.23102678571428573, 0.2305803554398673, 0.22991071215697698, 0.22968749489103044, 0.22991071215697698]}, "2": {"train_loss": ["2.2587452", "2.2050626", "2.1885614", "2.1797643", "2.1744876", "2.1711385", "2.1689303", "2.167433", "2.166395", "2.1656616", "2.165136", "2.164755", "2.1644752", "2.1642687", "2.1641145", "2.1639986", "2.1639113", "2.163845"], "val_loss": ["2.224852", "2.2041495", "2.1942902", "2.188737", "2.185406", "2.1833405", "2.182034", "2.1811976", "2.1806617", "2.1803205", "2.1801078", "2.1799808", "2.1799111", "2.17988", "2.179874", "2.1798847", "2.1799061", "2.1799338"], "train_accuracy": [0.17798828125000002, 0.20871093749999997, 0.21890625, 0.21951171875, 0.22097656249999997, 0.22267578125, 0.22330078124999997, 0.22337890624999998, 0.22259765625, 0.22429687499999998, 0.22435546874999998, 0.2242578125, 0.22392578124999996, 0.2241796875, 0.22369140624999997, 0.22349609374999999, 0.22396484374999998, 0.22396484374999998], "val_accuracy": [0.20357142857142854, 0.21205357142857145, 0.21607142857142855, 0.2196428571428571, 0.22053571428571428, 0.22276785714285713, 0.2234375, 0.22299107142857144, 0.22343749999999998, 0.22477678571428572, 0.2256696428571429, 0.2279017857142857, 0.22834821428571428, 0.228125, 0.22834821428571428, 0.22924107142857145, 0.22901785714285713, 0.22901785714285713], "train_auc_roc": [0.5439725805539175, 0.560630244871306, 0.5661912902568687, 0.5664582411032854, 0.5671935050794596, 0.5681957056791288, 0.5686047399653956, 0.5686437610200873, 0.5682533619625826, 0.5691508791750266, 0.5692027300829152, 0.5692484698673727, 0.5690274784673477, 0.5691736378427579, 0.5688948744299124, 0.5687809474464312, 0.5690239093032856, 0.5689980463633357], "val_auc_roc": [0.557836548412103, 0.5622235638430791, 0.5642628400715415, 0.5662970708059621, 0.5669117636761738, 0.5684017165543465, 0.568512665060461, 0.5682991421953691, 0.5684280884826086, 0.5692035671453216, 0.5697678681041393, 0.5708660369669644, 0.5711224819479427, 0.5709642335322067, 0.5709630936434962, 0.5716888891243592, 0.5715903988657937, 0.571561049155539], "train_f1": [0.17798828054219484, 0.20871093776077032, 0.2189062461256981, 0.21951171476393938, 0.2209765650331974, 0.22267578076571226, 0.2233007811009884, 0.22337890695780516, 0.22259765304625034, 0.22429687343537807, 0.22435546666383743, 0.2242578100413084, 0.22392578050494194, 0.22417968604713678, 0.22369140572845936, 0.22349609062075615, 0.22396484296768904, 0.2239648448303342], "val_f1": [0.2035714281456811, 0.21205357355730875, 0.21607142899717605, 0.21964285842009953, 0.22053571471146174, 0.2227678575686046, 0.22343749872275762, 0.2229910705770765, 0.2234375008514949, 0.22477678315980093, 0.22566963945116317, 0.22790178656578064, 0.22834821471146174, 0.22812499957425253, 0.22834821896893637, 0.2292410752602986, 0.22901785373687744, 0.22901785373687744]}}