{"num_parameters": 11890, "inference_timing": [0.000204, 0.000162, 0.000155, 0.000167, 0.000151, 0.00015, 0.000153, 0.000152, 0.000156, 0.000152, 0.000148, 0.000148, 0.000152, 0.000147, 0.000149, 0.000148, 0.000147, 0.000146, 0.000158, 0.000178, 0.000162, 0.000154, 0.000159, 0.000151, 0.000149, 0.000157, 0.000151, 0.000161, 0.000147, 0.000153, 0.000152, 0.000154, 0.000149, 0.000146, 0.000146, 0.000146, 0.000145, 0.000282, 0.000173, 0.000158, 0.000154, 0.000164, 0.000154, 0.000149, 0.000151, 0.000157, 0.00015, 0.000147, 0.000151, 0.00015], "training_timing": [12.579354, 15.742335, 14.966949]}