{"num_parameters": 9022, "inference_timing": [0.000233, 0.00014, 0.000116, 0.000109, 0.000102, 9.8e-05, 9.8e-05, 9.7e-05, 0.000128, 0.000127, 0.000109, 0.000105, 0.000103, 9.7e-05, 0.000101, 0.000102, 9.9e-05, 0.00016, 0.000106, 0.000105, 9.9e-05, 0.0001, 9.6e-05, 9.6e-05, 9.6e-05, 9.5e-05, 9.6e-05, 0.000134, 0.000109, 0.000113, 0.000101, 9.7e-05, 9.6e-05, 9.6e-05, 9.4e-05, 0.0001, 9.6e-05, 0.000112, 9.6e-05, 9.4e-05, 9.3e-05, 9.4e-05, 9.4e-05, 9.8e-05, 0.0001, 9.3e-05, 9.8e-05, 0.00014, 0.00012, 0.000109], "training_timing": [114.317234, 111.710955, 111.764402]}